Round,NumSelected,DownBytes,UpBytes,TotalBytes,CumulativeBytes
0,5,70680,70680,141360,141360
1,5,70680,70680,141360,282720
2,5,70680,70680,141360,424080
3,5,70680,70680,141360,565440
4,5,70680,70680,141360,706800
5,5,70680,70680,141360,848160
6,5,70680,70680,141360,989520
7,5,70680,70680,141360,1130880
8,5,70680,70680,141360,1272240
9,5,70680,70680,141360,1413600
10,5,70680,70680,141360,1554960
11,5,70680,70680,141360,1696320
12,5,70680,70680,141360,1837680
13,5,70680,70680,141360,1979040
14,5,70680,70680,141360,2120400
15,5,70680,70680,141360,2261760
16,5,70680,70680,141360,2403120
17,5,70680,70680,141360,2544480
18,5,70680,70680,141360,2685840
19,5,70680,70680,141360,2827200
20,5,70680,70680,141360,2968560
21,5,70680,70680,141360,3109920
22,5,70680,70680,141360,3251280
23,5,70680,70680,141360,3392640
24,5,70680,70680,141360,3534000
25,5,70680,70680,141360,3675360
26,5,70680,70680,141360,3816720
27,5,70680,70680,141360,3958080
28,5,70680,70680,141360,4099440
29,5,70680,70680,141360,4240800
30,5,70680,70680,141360,4382160
31,5,70680,70680,141360,4523520
32,5,70680,70680,141360,4664880
33,5,70680,70680,141360,4806240
34,5,70680,70680,141360,4947600
35,5,70680,70680,141360,5088960
36,5,70680,70680,141360,5230320
37,5,70680,70680,141360,5371680
38,5,70680,70680,141360,5513040
39,5,70680,70680,141360,5654400
40,5,70680,70680,141360,5795760
41,5,70680,70680,141360,5937120
42,5,70680,70680,141360,6078480
43,5,70680,70680,141360,6219840
44,5,70680,70680,141360,6361200
45,5,70680,70680,141360,6502560
46,5,70680,70680,141360,6643920
47,5,70680,70680,141360,6785280
48,5,70680,70680,141360,6926640
49,5,70680,70680,141360,7068000
50,5,70680,70680,141360,7209360
51,5,70680,70680,141360,7350720
52,5,70680,70680,141360,7492080
53,5,70680,70680,141360,7633440
54,5,70680,70680,141360,7774800
55,5,70680,70680,141360,7916160
56,5,70680,70680,141360,8057520
57,5,70680,70680,141360,8198880
58,5,70680,70680,141360,8340240
59,5,70680,70680,141360,8481600
60,5,70680,70680,141360,8622960
61,5,70680,70680,141360,8764320
62,5,70680,70680,141360,8905680
63,5,70680,70680,141360,9047040
64,5,70680,70680,141360,9188400
65,5,70680,70680,141360,9329760
66,5,70680,70680,141360,9471120
67,5,70680,70680,141360,9612480
68,5,70680,70680,141360,9753840
69,5,70680,70680,141360,9895200
70,5,70680,70680,141360,10036560
71,5,70680,70680,141360,10177920
72,5,70680,70680,141360,10319280
73,5,70680,70680,141360,10460640
74,5,70680,70680,141360,10602000
75,5,70680,70680,141360,10743360
76,5,70680,70680,141360,10884720
77,5,70680,70680,141360,11026080
78,5,70680,70680,141360,11167440
79,5,70680,70680,141360,11308800
80,5,70680,70680,141360,11450160
81,5,70680,70680,141360,11591520
82,5,70680,70680,141360,11732880
83,5,70680,70680,141360,11874240
84,5,70680,70680,141360,12015600
85,5,70680,70680,141360,12156960
86,5,70680,70680,141360,12298320
87,5,70680,70680,141360,12439680
88,5,70680,70680,141360,12581040
89,5,70680,70680,141360,12722400
90,5,70680,70680,141360,12863760
91,5,70680,70680,141360,13005120
92,5,70680,70680,141360,13146480
93,5,70680,70680,141360,13287840
94,5,70680,70680,141360,13429200
95,5,70680,70680,141360,13570560
96,5,70680,70680,141360,13711920
97,5,70680,70680,141360,13853280
98,5,70680,70680,141360,13994640
99,5,70680,70680,141360,14136000
100,5,70680,70680,141360,14277360
101,5,70680,70680,141360,14418720
102,5,70680,70680,141360,14560080
103,5,70680,70680,141360,14701440
104,5,70680,70680,141360,14842800
105,5,70680,70680,141360,14984160
106,5,70680,70680,141360,15125520
107,5,70680,70680,141360,15266880
108,5,70680,70680,141360,15408240
109,5,70680,70680,141360,15549600
110,5,70680,70680,141360,15690960
111,5,70680,70680,141360,15832320
112,5,70680,70680,141360,15973680
113,5,70680,70680,141360,16115040
114,5,70680,70680,141360,16256400
115,5,70680,70680,141360,16397760
116,5,70680,70680,141360,16539120
117,5,70680,70680,141360,16680480
118,5,70680,70680,141360,16821840
119,5,70680,70680,141360,16963200
120,5,70680,70680,141360,17104560
121,5,70680,70680,141360,17245920
122,5,70680,70680,141360,17387280
123,5,70680,70680,141360,17528640
124,5,70680,70680,141360,17670000
125,5,70680,70680,141360,17811360
126,5,70680,70680,141360,17952720
127,5,70680,70680,141360,18094080
128,5,70680,70680,141360,18235440
129,5,70680,70680,141360,18376800
130,5,70680,70680,141360,18518160
131,5,70680,70680,141360,18659520
132,5,70680,70680,141360,18800880
133,5,70680,70680,141360,18942240
134,5,70680,70680,141360,19083600
135,5,70680,70680,141360,19224960
136,5,70680,70680,141360,19366320
137,5,70680,70680,141360,19507680
138,5,70680,70680,141360,19649040
139,5,70680,70680,141360,19790400
140,5,70680,70680,141360,19931760
141,5,70680,70680,141360,20073120
142,5,70680,70680,141360,20214480
143,5,70680,70680,141360,20355840
144,5,70680,70680,141360,20497200
145,5,70680,70680,141360,20638560
146,5,70680,70680,141360,20779920
147,5,70680,70680,141360,20921280
148,5,70680,70680,141360,21062640
149,5,70680,70680,141360,21204000
150,5,70680,70680,141360,21345360
151,5,70680,70680,141360,21486720
152,5,70680,70680,141360,21628080
153,5,70680,70680,141360,21769440
154,5,70680,70680,141360,21910800
155,5,70680,70680,141360,22052160
156,5,70680,70680,141360,22193520
157,5,70680,70680,141360,22334880
158,5,70680,70680,141360,22476240
159,5,70680,70680,141360,22617600
160,5,70680,70680,141360,22758960
161,5,70680,70680,141360,22900320
162,5,70680,70680,141360,23041680
163,5,70680,70680,141360,23183040
164,5,70680,70680,141360,23324400
165,5,70680,70680,141360,23465760
166,5,70680,70680,141360,23607120
167,5,70680,70680,141360,23748480
168,5,70680,70680,141360,23889840
169,5,70680,70680,141360,24031200
170,5,70680,70680,141360,24172560
171,5,70680,70680,141360,24313920
172,5,70680,70680,141360,24455280
173,5,70680,70680,141360,24596640
174,5,70680,70680,141360,24738000
175,5,70680,70680,141360,24879360
176,5,70680,70680,141360,25020720
177,5,70680,70680,141360,25162080
178,5,70680,70680,141360,25303440
179,5,70680,70680,141360,25444800
180,5,70680,70680,141360,25586160
181,5,70680,70680,141360,25727520
182,5,70680,70680,141360,25868880
183,5,70680,70680,141360,26010240
184,5,70680,70680,141360,26151600
185,5,70680,70680,141360,26292960
186,5,70680,70680,141360,26434320
187,5,70680,70680,141360,26575680
188,5,70680,70680,141360,26717040
189,5,70680,70680,141360,26858400
190,5,70680,70680,141360,26999760
191,5,70680,70680,141360,27141120
192,5,70680,70680,141360,27282480
193,5,70680,70680,141360,27423840
194,5,70680,70680,141360,27565200
195,5,70680,70680,141360,27706560
196,5,70680,70680,141360,27847920
197,5,70680,70680,141360,27989280
198,5,70680,70680,141360,28130640
199,5,70680,70680,141360,28272000
200,5,70680,70680,141360,28413360
201,5,70680,70680,141360,28554720
202,5,70680,70680,141360,28696080
203,5,70680,70680,141360,28837440
204,5,70680,70680,141360,28978800
205,5,70680,70680,141360,29120160
206,5,70680,70680,141360,29261520
207,5,70680,70680,141360,29402880
208,5,70680,70680,141360,29544240
209,5,70680,70680,141360,29685600
210,5,70680,70680,141360,29826960
211,5,70680,70680,141360,29968320
212,5,70680,70680,141360,30109680
213,5,70680,70680,141360,30251040
214,5,70680,70680,141360,30392400
215,5,70680,70680,141360,30533760
216,5,70680,70680,141360,30675120
217,5,70680,70680,141360,30816480
218,5,70680,70680,141360,30957840
219,5,70680,70680,141360,31099200
220,5,70680,70680,141360,31240560
221,5,70680,70680,141360,31381920
222,5,70680,70680,141360,31523280
223,5,70680,70680,141360,31664640
224,5,70680,70680,141360,31806000
225,5,70680,70680,141360,31947360
226,5,70680,70680,141360,32088720
227,5,70680,70680,141360,32230080
228,5,70680,70680,141360,32371440
229,5,70680,70680,141360,32512800
230,5,70680,70680,141360,32654160
231,5,70680,70680,141360,32795520
232,5,70680,70680,141360,32936880
233,5,70680,70680,141360,33078240
234,5,70680,70680,141360,33219600
235,5,70680,70680,141360,33360960
236,5,70680,70680,141360,33502320
237,5,70680,70680,141360,33643680
238,5,70680,70680,141360,33785040
239,5,70680,70680,141360,33926400
240,5,70680,70680,141360,34067760
241,5,70680,70680,141360,34209120
242,5,70680,70680,141360,34350480
243,5,70680,70680,141360,34491840
244,5,70680,70680,141360,34633200
245,5,70680,70680,141360,34774560
246,5,70680,70680,141360,34915920
247,5,70680,70680,141360,35057280
248,5,70680,70680,141360,35198640
249,5,70680,70680,141360,35340000
250,5,70680,70680,141360,35481360
251,5,70680,70680,141360,35622720
252,5,70680,70680,141360,35764080
253,5,70680,70680,141360,35905440
254,5,70680,70680,141360,36046800
255,5,70680,70680,141360,36188160
256,5,70680,70680,141360,36329520
257,5,70680,70680,141360,36470880
258,5,70680,70680,141360,36612240
259,5,70680,70680,141360,36753600
260,5,70680,70680,141360,36894960
261,5,70680,70680,141360,37036320
262,5,70680,70680,141360,37177680
263,5,70680,70680,141360,37319040
264,5,70680,70680,141360,37460400
265,5,70680,70680,141360,37601760
266,5,70680,70680,141360,37743120
267,5,70680,70680,141360,37884480
268,5,70680,70680,141360,38025840
269,5,70680,70680,141360,38167200
270,5,70680,70680,141360,38308560
271,5,70680,70680,141360,38449920
272,5,70680,70680,141360,38591280
273,5,70680,70680,141360,38732640
274,5,70680,70680,141360,38874000
275,5,70680,70680,141360,39015360
276,5,70680,70680,141360,39156720
277,5,70680,70680,141360,39298080
278,5,70680,70680,141360,39439440
279,5,70680,70680,141360,39580800
280,5,70680,70680,141360,39722160
281,5,70680,70680,141360,39863520
282,5,70680,70680,141360,40004880
283,5,70680,70680,141360,40146240
284,5,70680,70680,141360,40287600
285,5,70680,70680,141360,40428960
286,5,70680,70680,141360,40570320
287,5,70680,70680,141360,40711680
288,5,70680,70680,141360,40853040
289,5,70680,70680,141360,40994400
290,5,70680,70680,141360,41135760
291,5,70680,70680,141360,41277120
292,5,70680,70680,141360,41418480
293,5,70680,70680,141360,41559840
294,5,70680,70680,141360,41701200
295,5,70680,70680,141360,41842560
296,5,70680,70680,141360,41983920
297,5,70680,70680,141360,42125280
298,5,70680,70680,141360,42266640
299,5,70680,70680,141360,42408000
300,5,70680,70680,141360,42549360
301,5,70680,70680,141360,42690720
302,5,70680,70680,141360,42832080
303,5,70680,70680,141360,42973440
304,5,70680,70680,141360,43114800
305,5,70680,70680,141360,43256160
306,5,70680,70680,141360,43397520
307,5,70680,70680,141360,43538880
308,5,70680,70680,141360,43680240
309,5,70680,70680,141360,43821600
310,5,70680,70680,141360,43962960
311,5,70680,70680,141360,44104320
312,5,70680,70680,141360,44245680
313,5,70680,70680,141360,44387040
314,5,70680,70680,141360,44528400
315,5,70680,70680,141360,44669760
316,5,70680,70680,141360,44811120
317,5,70680,70680,141360,44952480
318,5,70680,70680,141360,45093840
319,5,70680,70680,141360,45235200
320,5,70680,70680,141360,45376560
321,5,70680,70680,141360,45517920
322,5,70680,70680,141360,45659280
323,5,70680,70680,141360,45800640
324,5,70680,70680,141360,45942000
325,5,70680,70680,141360,46083360
326,5,70680,70680,141360,46224720
327,5,70680,70680,141360,46366080
328,5,70680,70680,141360,46507440
329,5,70680,70680,141360,46648800
330,5,70680,70680,141360,46790160
331,5,70680,70680,141360,46931520
332,5,70680,70680,141360,47072880
333,5,70680,70680,141360,47214240
334,5,70680,70680,141360,47355600
335,5,70680,70680,141360,47496960
336,5,70680,70680,141360,47638320
337,5,70680,70680,141360,47779680
338,5,70680,70680,141360,47921040
339,5,70680,70680,141360,48062400
340,5,70680,70680,141360,48203760
341,5,70680,70680,141360,48345120
342,5,70680,70680,141360,48486480
343,5,70680,70680,141360,48627840
344,5,70680,70680,141360,48769200
345,5,70680,70680,141360,48910560
346,5,70680,70680,141360,49051920
347,5,70680,70680,141360,49193280
348,5,70680,70680,141360,49334640
349,5,70680,70680,141360,49476000
350,5,70680,70680,141360,49617360
351,5,70680,70680,141360,49758720
352,5,70680,70680,141360,49900080
353,5,70680,70680,141360,50041440
354,5,70680,70680,141360,50182800
355,5,70680,70680,141360,50324160
356,5,70680,70680,141360,50465520
357,5,70680,70680,141360,50606880
358,5,70680,70680,141360,50748240
359,5,70680,70680,141360,50889600
360,5,70680,70680,141360,51030960
361,5,70680,70680,141360,51172320
362,5,70680,70680,141360,51313680
363,5,70680,70680,141360,51455040
364,5,70680,70680,141360,51596400
365,5,70680,70680,141360,51737760
366,5,70680,70680,141360,51879120
367,5,70680,70680,141360,52020480
368,5,70680,70680,141360,52161840
369,5,70680,70680,141360,52303200
370,5,70680,70680,141360,52444560
371,5,70680,70680,141360,52585920
372,5,70680,70680,141360,52727280
373,5,70680,70680,141360,52868640
374,5,70680,70680,141360,53010000
375,5,70680,70680,141360,53151360
376,5,70680,70680,141360,53292720
377,5,70680,70680,141360,53434080
378,5,70680,70680,141360,53575440
379,5,70680,70680,141360,53716800
380,5,70680,70680,141360,53858160
381,5,70680,70680,141360,53999520
382,5,70680,70680,141360,54140880
383,5,70680,70680,141360,54282240
384,5,70680,70680,141360,54423600
385,5,70680,70680,141360,54564960
386,5,70680,70680,141360,54706320
387,5,70680,70680,141360,54847680
388,5,70680,70680,141360,54989040
389,5,70680,70680,141360,55130400
390,5,70680,70680,141360,55271760
391,5,70680,70680,141360,55413120
392,5,70680,70680,141360,55554480
393,5,70680,70680,141360,55695840
394,5,70680,70680,141360,55837200
395,5,70680,70680,141360,55978560
396,5,70680,70680,141360,56119920
397,5,70680,70680,141360,56261280
398,5,70680,70680,141360,56402640
399,5,70680,70680,141360,56544000
400,5,70680,70680,141360,56685360
401,5,70680,70680,141360,56826720
402,5,70680,70680,141360,56968080
403,5,70680,70680,141360,57109440
404,5,70680,70680,141360,57250800
405,5,70680,70680,141360,57392160
406,5,70680,70680,141360,57533520
407,5,70680,70680,141360,57674880
408,5,70680,70680,141360,57816240
409,5,70680,70680,141360,57957600
410,5,70680,70680,141360,58098960
411,5,70680,70680,141360,58240320
412,5,70680,70680,141360,58381680
413,5,70680,70680,141360,58523040
414,5,70680,70680,141360,58664400
415,5,70680,70680,141360,58805760
416,5,70680,70680,141360,58947120
417,5,70680,70680,141360,59088480
418,5,70680,70680,141360,59229840
419,5,70680,70680,141360,59371200
420,5,70680,70680,141360,59512560
421,5,70680,70680,141360,59653920
422,5,70680,70680,141360,59795280
423,5,70680,70680,141360,59936640
424,5,70680,70680,141360,60078000
425,5,70680,70680,141360,60219360
426,5,70680,70680,141360,60360720
427,5,70680,70680,141360,60502080
428,5,70680,70680,141360,60643440
429,5,70680,70680,141360,60784800
430,5,70680,70680,141360,60926160
431,5,70680,70680,141360,61067520
432,5,70680,70680,141360,61208880
433,5,70680,70680,141360,61350240
434,5,70680,70680,141360,61491600
435,5,70680,70680,141360,61632960
436,5,70680,70680,141360,61774320
437,5,70680,70680,141360,61915680
438,5,70680,70680,141360,62057040
439,5,70680,70680,141360,62198400
440,5,70680,70680,141360,62339760
441,5,70680,70680,141360,62481120
442,5,70680,70680,141360,62622480
443,5,70680,70680,141360,62763840
444,5,70680,70680,141360,62905200
445,5,70680,70680,141360,63046560
446,5,70680,70680,141360,63187920
447,5,70680,70680,141360,63329280
448,5,70680,70680,141360,63470640
449,5,70680,70680,141360,63612000
450,5,70680,70680,141360,63753360
451,5,70680,70680,141360,63894720
452,5,70680,70680,141360,64036080
453,5,70680,70680,141360,64177440
454,5,70680,70680,141360,64318800
455,5,70680,70680,141360,64460160
456,5,70680,70680,141360,64601520
457,5,70680,70680,141360,64742880
458,5,70680,70680,141360,64884240
459,5,70680,70680,141360,65025600
460,5,70680,70680,141360,65166960
461,5,70680,70680,141360,65308320
462,5,70680,70680,141360,65449680
463,5,70680,70680,141360,65591040
464,5,70680,70680,141360,65732400
465,5,70680,70680,141360,65873760
466,5,70680,70680,141360,66015120
467,5,70680,70680,141360,66156480
468,5,70680,70680,141360,66297840
469,5,70680,70680,141360,66439200
470,5,70680,70680,141360,66580560
471,5,70680,70680,141360,66721920
472,5,70680,70680,141360,66863280
473,5,70680,70680,141360,67004640
474,5,70680,70680,141360,67146000
475,5,70680,70680,141360,67287360
476,5,70680,70680,141360,67428720
477,5,70680,70680,141360,67570080
478,5,70680,70680,141360,67711440
479,5,70680,70680,141360,67852800
480,5,70680,70680,141360,67994160
481,5,70680,70680,141360,68135520
482,5,70680,70680,141360,68276880
483,5,70680,70680,141360,68418240
484,5,70680,70680,141360,68559600
485,5,70680,70680,141360,68700960
486,5,70680,70680,141360,68842320
487,5,70680,70680,141360,68983680
488,5,70680,70680,141360,69125040
489,5,70680,70680,141360,69266400
490,5,70680,70680,141360,69407760
491,5,70680,70680,141360,69549120
492,5,70680,70680,141360,69690480
493,5,70680,70680,141360,69831840
494,5,70680,70680,141360,69973200
495,5,70680,70680,141360,70114560
496,5,70680,70680,141360,70255920
497,5,70680,70680,141360,70397280
498,5,70680,70680,141360,70538640
499,5,70680,70680,141360,70680000
500,5,70680,70680,141360,70821360
501,5,70680,70680,141360,70962720
502,5,70680,70680,141360,71104080
503,5,70680,70680,141360,71245440
504,5,70680,70680,141360,71386800
505,5,70680,70680,141360,71528160
506,5,70680,70680,141360,71669520
507,5,70680,70680,141360,71810880
508,5,70680,70680,141360,71952240
509,5,70680,70680,141360,72093600
510,5,70680,70680,141360,72234960
511,5,70680,70680,141360,72376320
512,5,70680,70680,141360,72517680
513,5,70680,70680,141360,72659040
514,5,70680,70680,141360,72800400
515,5,70680,70680,141360,72941760
516,5,70680,70680,141360,73083120
517,5,70680,70680,141360,73224480
518,5,70680,70680,141360,73365840
519,5,70680,70680,141360,73507200
520,5,70680,70680,141360,73648560
521,5,70680,70680,141360,73789920
522,5,70680,70680,141360,73931280
523,5,70680,70680,141360,74072640
524,5,70680,70680,141360,74214000
525,5,70680,70680,141360,74355360
526,5,70680,70680,141360,74496720
527,5,70680,70680,141360,74638080
528,5,70680,70680,141360,74779440
529,5,70680,70680,141360,74920800
530,5,70680,70680,141360,75062160
531,5,70680,70680,141360,75203520
532,5,70680,70680,141360,75344880
533,5,70680,70680,141360,75486240
534,5,70680,70680,141360,75627600
535,5,70680,70680,141360,75768960
536,5,70680,70680,141360,75910320
537,5,70680,70680,141360,76051680
538,5,70680,70680,141360,76193040
539,5,70680,70680,141360,76334400
540,5,70680,70680,141360,76475760
541,5,70680,70680,141360,76617120
542,5,70680,70680,141360,76758480
543,5,70680,70680,141360,76899840
544,5,70680,70680,141360,77041200
545,5,70680,70680,141360,77182560
546,5,70680,70680,141360,77323920
547,5,70680,70680,141360,77465280
548,5,70680,70680,141360,77606640
549,5,70680,70680,141360,77748000
550,5,70680,70680,141360,77889360
551,5,70680,70680,141360,78030720
552,5,70680,70680,141360,78172080
553,5,70680,70680,141360,78313440
554,5,70680,70680,141360,78454800
555,5,70680,70680,141360,78596160
556,5,70680,70680,141360,78737520
557,5,70680,70680,141360,78878880
558,5,70680,70680,141360,79020240
559,5,70680,70680,141360,79161600
560,5,70680,70680,141360,79302960
561,5,70680,70680,141360,79444320
562,5,70680,70680,141360,79585680
563,5,70680,70680,141360,79727040
564,5,70680,70680,141360,79868400
565,5,70680,70680,141360,80009760
566,5,70680,70680,141360,80151120
567,5,70680,70680,141360,80292480
568,5,70680,70680,141360,80433840
569,5,70680,70680,141360,80575200
570,5,70680,70680,141360,80716560
571,5,70680,70680,141360,80857920
572,5,70680,70680,141360,80999280
573,5,70680,70680,141360,81140640
574,5,70680,70680,141360,81282000
575,5,70680,70680,141360,81423360
576,5,70680,70680,141360,81564720
577,5,70680,70680,141360,81706080
578,5,70680,70680,141360,81847440
579,5,70680,70680,141360,81988800
580,5,70680,70680,141360,82130160
581,5,70680,70680,141360,82271520
582,5,70680,70680,141360,82412880
583,5,70680,70680,141360,82554240
584,5,70680,70680,141360,82695600
585,5,70680,70680,141360,82836960
586,5,70680,70680,141360,82978320
587,5,70680,70680,141360,83119680
588,5,70680,70680,141360,83261040
589,5,70680,70680,141360,83402400
590,5,70680,70680,141360,83543760
591,5,70680,70680,141360,83685120
592,5,70680,70680,141360,83826480
593,5,70680,70680,141360,83967840
594,5,70680,70680,141360,84109200
595,5,70680,70680,141360,84250560
596,5,70680,70680,141360,84391920
597,5,70680,70680,141360,84533280
598,5,70680,70680,141360,84674640
599,5,70680,70680,141360,84816000
600,5,70680,70680,141360,84957360
601,5,70680,70680,141360,85098720
602,5,70680,70680,141360,85240080
603,5,70680,70680,141360,85381440
604,5,70680,70680,141360,85522800
605,5,70680,70680,141360,85664160
606,5,70680,70680,141360,85805520
607,5,70680,70680,141360,85946880
608,5,70680,70680,141360,86088240
609,5,70680,70680,141360,86229600
610,5,70680,70680,141360,86370960
611,5,70680,70680,141360,86512320
612,5,70680,70680,141360,86653680
613,5,70680,70680,141360,86795040
614,5,70680,70680,141360,86936400
615,5,70680,70680,141360,87077760
616,5,70680,70680,141360,87219120
617,5,70680,70680,141360,87360480
618,5,70680,70680,141360,87501840
619,5,70680,70680,141360,87643200
620,5,70680,70680,141360,87784560
621,5,70680,70680,141360,87925920
622,5,70680,70680,141360,88067280
623,5,70680,70680,141360,88208640
624,5,70680,70680,141360,88350000
625,5,70680,70680,141360,88491360
626,5,70680,70680,141360,88632720
627,5,70680,70680,141360,88774080
628,5,70680,70680,141360,88915440
629,5,70680,70680,141360,89056800
630,5,70680,70680,141360,89198160
631,5,70680,70680,141360,89339520
632,5,70680,70680,141360,89480880
633,5,70680,70680,141360,89622240
634,5,70680,70680,141360,89763600
635,5,70680,70680,141360,89904960
636,5,70680,70680,141360,90046320
637,5,70680,70680,141360,90187680
638,5,70680,70680,141360,90329040
639,5,70680,70680,141360,90470400
640,5,70680,70680,141360,90611760
641,5,70680,70680,141360,90753120
642,5,70680,70680,141360,90894480
643,5,70680,70680,141360,91035840
644,5,70680,70680,141360,91177200
645,5,70680,70680,141360,91318560
646,5,70680,70680,141360,91459920
647,5,70680,70680,141360,91601280
648,5,70680,70680,141360,91742640
649,5,70680,70680,141360,91884000
650,5,70680,70680,141360,92025360
651,5,70680,70680,141360,92166720
652,5,70680,70680,141360,92308080
653,5,70680,70680,141360,92449440
654,5,70680,70680,141360,92590800
655,5,70680,70680,141360,92732160
656,5,70680,70680,141360,92873520
657,5,70680,70680,141360,93014880
658,5,70680,70680,141360,93156240
659,5,70680,70680,141360,93297600
660,5,70680,70680,141360,93438960
661,5,70680,70680,141360,93580320
662,5,70680,70680,141360,93721680
663,5,70680,70680,141360,93863040
664,5,70680,70680,141360,94004400
665,5,70680,70680,141360,94145760
666,5,70680,70680,141360,94287120
667,5,70680,70680,141360,94428480
668,5,70680,70680,141360,94569840
669,5,70680,70680,141360,94711200
670,5,70680,70680,141360,94852560
671,5,70680,70680,141360,94993920
672,5,70680,70680,141360,95135280
673,5,70680,70680,141360,95276640
674,5,70680,70680,141360,95418000
675,5,70680,70680,141360,95559360
676,5,70680,70680,141360,95700720
677,5,70680,70680,141360,95842080
678,5,70680,70680,141360,95983440
679,5,70680,70680,141360,96124800
680,5,70680,70680,141360,96266160
681,5,70680,70680,141360,96407520
682,5,70680,70680,141360,96548880
683,5,70680,70680,141360,96690240
684,5,70680,70680,141360,96831600
685,5,70680,70680,141360,96972960
686,5,70680,70680,141360,97114320
687,5,70680,70680,141360,97255680
688,5,70680,70680,141360,97397040
689,5,70680,70680,141360,97538400
690,5,70680,70680,141360,97679760
691,5,70680,70680,141360,97821120
692,5,70680,70680,141360,97962480
693,5,70680,70680,141360,98103840
694,5,70680,70680,141360,98245200
695,5,70680,70680,141360,98386560
696,5,70680,70680,141360,98527920
697,5,70680,70680,141360,98669280
698,5,70680,70680,141360,98810640
699,5,70680,70680,141360,98952000
700,5,70680,70680,141360,99093360
701,5,70680,70680,141360,99234720
702,5,70680,70680,141360,99376080
703,5,70680,70680,141360,99517440
704,5,70680,70680,141360,99658800
705,5,70680,70680,141360,99800160
706,5,70680,70680,141360,99941520
707,5,70680,70680,141360,100082880
708,5,70680,70680,141360,100224240
709,5,70680,70680,141360,100365600
710,5,70680,70680,141360,100506960
711,5,70680,70680,141360,100648320
712,5,70680,70680,141360,100789680
713,5,70680,70680,141360,100931040
714,5,70680,70680,141360,101072400
715,5,70680,70680,141360,101213760
716,5,70680,70680,141360,101355120
717,5,70680,70680,141360,101496480
718,5,70680,70680,141360,101637840
719,5,70680,70680,141360,101779200
720,5,70680,70680,141360,101920560
721,5,70680,70680,141360,102061920
722,5,70680,70680,141360,102203280
723,5,70680,70680,141360,102344640
724,5,70680,70680,141360,102486000
725,5,70680,70680,141360,102627360
726,5,70680,70680,141360,102768720
727,5,70680,70680,141360,102910080
728,5,70680,70680,141360,103051440
729,5,70680,70680,141360,103192800
730,5,70680,70680,141360,103334160
731,5,70680,70680,141360,103475520
732,5,70680,70680,141360,103616880
733,5,70680,70680,141360,103758240
734,5,70680,70680,141360,103899600
735,5,70680,70680,141360,104040960
736,5,70680,70680,141360,104182320
737,5,70680,70680,141360,104323680
738,5,70680,70680,141360,104465040
739,5,70680,70680,141360,104606400
740,5,70680,70680,141360,104747760
741,5,70680,70680,141360,104889120
742,5,70680,70680,141360,105030480
743,5,70680,70680,141360,105171840
744,5,70680,70680,141360,105313200
745,5,70680,70680,141360,105454560
746,5,70680,70680,141360,105595920
747,5,70680,70680,141360,105737280
748,5,70680,70680,141360,105878640
749,5,70680,70680,141360,106020000
750,5,70680,70680,141360,106161360
751,5,70680,70680,141360,106302720
752,5,70680,70680,141360,106444080
753,5,70680,70680,141360,106585440
754,5,70680,70680,141360,106726800
755,5,70680,70680,141360,106868160
756,5,70680,70680,141360,107009520
757,5,70680,70680,141360,107150880
758,5,70680,70680,141360,107292240
759,5,70680,70680,141360,107433600
760,5,70680,70680,141360,107574960
761,5,70680,70680,141360,107716320
762,5,70680,70680,141360,107857680
763,5,70680,70680,141360,107999040
764,5,70680,70680,141360,108140400
765,5,70680,70680,141360,108281760
766,5,70680,70680,141360,108423120
767,5,70680,70680,141360,108564480
768,5,70680,70680,141360,108705840
769,5,70680,70680,141360,108847200
770,5,70680,70680,141360,108988560
771,5,70680,70680,141360,109129920
772,5,70680,70680,141360,109271280
773,5,70680,70680,141360,109412640
774,5,70680,70680,141360,109554000
775,5,70680,70680,141360,109695360
776,5,70680,70680,141360,109836720
777,5,70680,70680,141360,109978080
778,5,70680,70680,141360,110119440
779,5,70680,70680,141360,110260800
780,5,70680,70680,141360,110402160
781,5,70680,70680,141360,110543520
782,5,70680,70680,141360,110684880
783,5,70680,70680,141360,110826240
784,5,70680,70680,141360,110967600
785,5,70680,70680,141360,111108960
786,5,70680,70680,141360,111250320
787,5,70680,70680,141360,111391680
788,5,70680,70680,141360,111533040
789,5,70680,70680,141360,111674400
790,5,70680,70680,141360,111815760
791,5,70680,70680,141360,111957120
792,5,70680,70680,141360,112098480
793,5,70680,70680,141360,112239840
794,5,70680,70680,141360,112381200
795,5,70680,70680,141360,112522560
796,5,70680,70680,141360,112663920
797,5,70680,70680,141360,112805280
798,5,70680,70680,141360,112946640
799,5,70680,70680,141360,113088000
800,5,70680,70680,141360,113229360
801,5,70680,70680,141360,113370720
802,5,70680,70680,141360,113512080
803,5,70680,70680,141360,113653440
804,5,70680,70680,141360,113794800
805,5,70680,70680,141360,113936160
806,5,70680,70680,141360,114077520
807,5,70680,70680,141360,114218880
808,5,70680,70680,141360,114360240
809,5,70680,70680,141360,114501600
810,5,70680,70680,141360,114642960
811,5,70680,70680,141360,114784320
812,5,70680,70680,141360,114925680
813,5,70680,70680,141360,115067040
814,5,70680,70680,141360,115208400
815,5,70680,70680,141360,115349760
816,5,70680,70680,141360,115491120
817,5,70680,70680,141360,115632480
818,5,70680,70680,141360,115773840
819,5,70680,70680,141360,115915200
820,5,70680,70680,141360,116056560
821,5,70680,70680,141360,116197920
822,5,70680,70680,141360,116339280
823,5,70680,70680,141360,116480640
824,5,70680,70680,141360,116622000
825,5,70680,70680,141360,116763360
826,5,70680,70680,141360,116904720
827,5,70680,70680,141360,117046080
828,5,70680,70680,141360,117187440
829,5,70680,70680,141360,117328800
830,5,70680,70680,141360,117470160
831,5,70680,70680,141360,117611520
832,5,70680,70680,141360,117752880
833,5,70680,70680,141360,117894240
834,5,70680,70680,141360,118035600
835,5,70680,70680,141360,118176960
836,5,70680,70680,141360,118318320
837,5,70680,70680,141360,118459680
838,5,70680,70680,141360,118601040
839,5,70680,70680,141360,118742400
840,5,70680,70680,141360,118883760
841,5,70680,70680,141360,119025120
842,5,70680,70680,141360,119166480
843,5,70680,70680,141360,119307840
844,5,70680,70680,141360,119449200
845,5,70680,70680,141360,119590560
846,5,70680,70680,141360,119731920
847,5,70680,70680,141360,119873280
848,5,70680,70680,141360,120014640
849,5,70680,70680,141360,120156000
850,5,70680,70680,141360,120297360
851,5,70680,70680,141360,120438720
852,5,70680,70680,141360,120580080
853,5,70680,70680,141360,120721440
854,5,70680,70680,141360,120862800
855,5,70680,70680,141360,121004160
856,5,70680,70680,141360,121145520
857,5,70680,70680,141360,121286880
858,5,70680,70680,141360,121428240
859,5,70680,70680,141360,121569600
860,5,70680,70680,141360,121710960
861,5,70680,70680,141360,121852320
862,5,70680,70680,141360,121993680
863,5,70680,70680,141360,122135040
864,5,70680,70680,141360,122276400
865,5,70680,70680,141360,122417760
866,5,70680,70680,141360,122559120
867,5,70680,70680,141360,122700480
868,5,70680,70680,141360,122841840
869,5,70680,70680,141360,122983200
870,5,70680,70680,141360,123124560
871,5,70680,70680,141360,123265920
872,5,70680,70680,141360,123407280
873,5,70680,70680,141360,123548640
874,5,70680,70680,141360,123690000
875,5,70680,70680,141360,123831360
876,5,70680,70680,141360,123972720
877,5,70680,70680,141360,124114080
878,5,70680,70680,141360,124255440
879,5,70680,70680,141360,124396800
880,5,70680,70680,141360,124538160
881,5,70680,70680,141360,124679520
882,5,70680,70680,141360,124820880
883,5,70680,70680,141360,124962240
884,5,70680,70680,141360,125103600
885,5,70680,70680,141360,125244960
886,5,70680,70680,141360,125386320
887,5,70680,70680,141360,125527680
888,5,70680,70680,141360,125669040
889,5,70680,70680,141360,125810400
890,5,70680,70680,141360,125951760
891,5,70680,70680,141360,126093120
892,5,70680,70680,141360,126234480
893,5,70680,70680,141360,126375840
894,5,70680,70680,141360,126517200
895,5,70680,70680,141360,126658560
896,5,70680,70680,141360,126799920
897,5,70680,70680,141360,126941280
898,5,70680,70680,141360,127082640
899,5,70680,70680,141360,127224000
900,5,70680,70680,141360,127365360
901,5,70680,70680,141360,127506720
902,5,70680,70680,141360,127648080
903,5,70680,70680,141360,127789440
904,5,70680,70680,141360,127930800
905,5,70680,70680,141360,128072160
906,5,70680,70680,141360,128213520
907,5,70680,70680,141360,128354880
908,5,70680,70680,141360,128496240
909,5,70680,70680,141360,128637600
910,5,70680,70680,141360,128778960
911,5,70680,70680,141360,128920320
912,5,70680,70680,141360,129061680
913,5,70680,70680,141360,129203040
914,5,70680,70680,141360,129344400
915,5,70680,70680,141360,129485760
916,5,70680,70680,141360,129627120
917,5,70680,70680,141360,129768480
918,5,70680,70680,141360,129909840
919,5,70680,70680,141360,130051200
920,5,70680,70680,141360,130192560
921,5,70680,70680,141360,130333920
922,5,70680,70680,141360,130475280
923,5,70680,70680,141360,130616640
924,5,70680,70680,141360,130758000
925,5,70680,70680,141360,130899360
926,5,70680,70680,141360,131040720
927,5,70680,70680,141360,131182080
928,5,70680,70680,141360,131323440
929,5,70680,70680,141360,131464800
930,5,70680,70680,141360,131606160
931,5,70680,70680,141360,131747520
932,5,70680,70680,141360,131888880
933,5,70680,70680,141360,132030240
934,5,70680,70680,141360,132171600
935,5,70680,70680,141360,132312960
936,5,70680,70680,141360,132454320
937,5,70680,70680,141360,132595680
938,5,70680,70680,141360,132737040
939,5,70680,70680,141360,132878400
940,5,70680,70680,141360,133019760
941,5,70680,70680,141360,133161120
942,5,70680,70680,141360,133302480
943,5,70680,70680,141360,133443840
944,5,70680,70680,141360,133585200
945,5,70680,70680,141360,133726560
946,5,70680,70680,141360,133867920
947,5,70680,70680,141360,134009280
948,5,70680,70680,141360,134150640
949,5,70680,70680,141360,134292000
950,5,70680,70680,141360,134433360
951,5,70680,70680,141360,134574720
952,5,70680,70680,141360,134716080
953,5,70680,70680,141360,134857440
954,5,70680,70680,141360,134998800
955,5,70680,70680,141360,135140160
956,5,70680,70680,141360,135281520
957,5,70680,70680,141360,135422880
958,5,70680,70680,141360,135564240
959,5,70680,70680,141360,135705600
960,5,70680,70680,141360,135846960
961,5,70680,70680,141360,135988320
962,5,70680,70680,141360,136129680
963,5,70680,70680,141360,136271040
964,5,70680,70680,141360,136412400
965,5,70680,70680,141360,136553760
966,5,70680,70680,141360,136695120
967,5,70680,70680,141360,136836480
968,5,70680,70680,141360,136977840
969,5,70680,70680,141360,137119200
970,5,70680,70680,141360,137260560
971,5,70680,70680,141360,137401920
972,5,70680,70680,141360,137543280
973,5,70680,70680,141360,137684640
974,5,70680,70680,141360,137826000
975,5,70680,70680,141360,137967360
976,5,70680,70680,141360,138108720
977,5,70680,70680,141360,138250080
978,5,70680,70680,141360,138391440
979,5,70680,70680,141360,138532800
980,5,70680,70680,141360,138674160
981,5,70680,70680,141360,138815520
982,5,70680,70680,141360,138956880
983,5,70680,70680,141360,139098240
984,5,70680,70680,141360,139239600
985,5,70680,70680,141360,139380960
986,5,70680,70680,141360,139522320
987,5,70680,70680,141360,139663680
988,5,70680,70680,141360,139805040
989,5,70680,70680,141360,139946400
990,5,70680,70680,141360,140087760
991,5,70680,70680,141360,140229120
992,5,70680,70680,141360,140370480
993,5,70680,70680,141360,140511840
994,5,70680,70680,141360,140653200
995,5,70680,70680,141360,140794560
996,5,70680,70680,141360,140935920
997,5,70680,70680,141360,141077280
998,5,70680,70680,141360,141218640
999,5,70680,70680,141360,141360000
