Round,ClientIndex,ExecTimeSec
0,0,4.557214
0,1,2.331994
0,2,12.511128
0,3,6.896746
0,4,9.014991
1,0,4.448522
1,1,1.488018
1,2,2.987651
1,3,8.401695
1,4,6.067322
2,0,9.278348
2,1,2.325171
2,2,7.319014
2,3,5.592108
2,4,4.219015
3,0,6.734674
3,1,4.733695
3,2,3.313091
3,3,1.389368
3,4,8.120199
4,0,7.477602
4,1,4.016362
4,2,9.157363
4,3,2.596645
4,4,6.090156
5,0,7.078798
5,1,3.112582
5,2,4.414634
5,3,5.729442
5,4,1.744688
6,0,5.732614
6,1,4.308370
6,2,2.971457
6,3,7.066148
6,4,1.605845
7,0,7.092843
7,1,5.714247
7,2,2.751795
7,3,1.362897
7,4,4.317667
8,0,1.957007
8,1,6.358782
8,2,3.514230
8,3,7.821618
8,4,5.016647
9,0,4.657062
9,1,7.573559
9,2,3.340268
9,3,5.981560
9,4,2.040066
10,0,7.296989
10,1,1.699661
10,2,3.123276
10,3,5.979796
10,4,4.453897
11,0,6.649054
11,1,5.294592
11,2,1.343979
11,3,3.994580
11,4,2.662184
12,0,3.263198
12,1,4.570497
12,2,7.307369
12,3,5.974665
12,4,1.871743
13,0,3.170028
13,1,5.878299
13,2,4.552859
13,3,1.763543
13,4,7.195656
14,0,4.247115
14,1,1.515089
14,2,2.822386
14,3,7.181777
14,4,5.639292
15,0,3.119932
15,1,4.479017
15,2,1.689129
15,3,5.921529
15,4,7.451463
16,0,7.429848
16,1,3.103599
16,2,1.731486
16,3,4.608112
16,4,6.096603
17,0,4.648793
17,1,7.451833
17,2,6.102927
17,3,3.121609
17,4,1.556800
18,0,1.394014
18,1,7.635747
18,2,4.382667
18,3,6.127383
18,4,2.869855
19,0,2.292849
19,1,3.666084
19,2,6.383601
19,3,7.756988
19,4,5.035091
20,0,1.526434
20,1,4.302169
20,2,2.958427
20,3,5.692880
20,4,7.009738
21,0,7.974555
21,1,1.582378
21,2,5.130360
21,3,6.542319
21,4,3.602002
22,0,2.844923
22,1,5.697394
22,2,4.243910
22,3,1.417671
22,4,7.066974
23,0,7.033907
23,1,2.872337
23,2,5.578523
23,3,1.426356
23,4,4.222123
24,0,5.110804
24,1,6.532531
24,2,7.904645
24,3,3.766174
24,4,2.307903
25,0,7.261460
25,1,3.111930
25,2,4.620208
25,3,1.693006
25,4,5.915729
26,0,5.575263
26,1,2.830504
26,2,1.506021
26,3,6.923391
26,4,4.260051
27,0,3.168644
27,1,7.070954
27,2,4.983452
27,3,8.656372
27,4,1.755735
28,0,6.488026
28,1,3.221221
28,2,4.898374
28,3,8.283154
28,4,1.654115
29,0,8.230729
29,1,3.758619
29,2,6.873774
29,3,2.094383
29,4,5.394910
30,0,5.962364
30,1,2.860188
30,2,7.366239
30,3,4.485027
30,4,1.341053
31,0,3.061558
31,1,1.666964
31,2,5.892901
31,3,4.471802
31,4,7.335928
32,0,3.048125
32,1,7.213962
32,2,1.577949
32,3,4.497942
32,4,5.833445
33,0,6.113105
33,1,1.991048
33,2,7.451252
33,3,4.655954
33,4,3.314571
34,0,4.556863
34,1,7.302704
34,2,5.971952
34,3,3.054076
34,4,1.669612
35,0,6.832870
35,1,5.483999
35,2,2.178898
35,3,4.120793
35,4,8.175533
36,0,6.867916
36,1,4.130691
36,2,5.479266
36,3,1.423396
36,4,2.804144
37,0,4.426863
37,1,1.537845
37,2,7.107881
37,3,5.778931
37,4,3.056199
38,0,2.920447
38,1,7.057528
38,2,5.662915
38,3,4.325446
38,4,1.505392
39,0,4.310112
39,1,1.510559
39,2,6.992912
39,3,2.904969
39,4,5.639446
40,0,2.903061
40,1,5.881383
40,2,4.401836
40,3,7.349173
40,4,1.553109
41,0,2.200066
41,1,3.515969
41,2,6.225492
41,3,4.876931
41,4,7.546782
42,0,7.211776
42,1,3.028810
42,2,4.414303
42,3,1.622292
42,4,5.884865
43,0,7.630955
43,1,4.808788
43,2,1.851671
43,3,6.241051
43,4,3.258328
44,0,3.120831
44,1,1.744868
44,2,7.225681
44,3,5.823719
44,4,4.444223
45,0,6.326269
45,1,7.696326
45,2,4.989918
45,3,3.423552
45,4,1.870475
46,0,7.057446
46,1,4.266773
46,2,2.846301
46,3,1.381804
46,4,5.598954
47,0,6.095155
47,1,7.548682
47,2,3.346444
47,3,4.722300
47,4,1.811903
48,0,6.748808
48,1,5.341983
48,2,2.255120
48,3,3.847947
48,4,8.170583
49,0,3.932060
49,1,8.215307
49,2,2.527433
49,3,6.800860
49,4,5.349797
50,0,2.987777
50,1,1.614300
50,2,7.144214
50,3,4.346107
50,4,5.708297
51,0,4.426230
51,1,1.538894
51,2,5.865450
51,3,3.000163
51,4,7.246051
52,0,5.695075
52,1,1.617347
52,2,3.003378
52,3,7.104764
52,4,4.365471
53,0,2.857974
53,1,4.187172
53,2,7.076691
53,3,1.474816
53,4,5.744784
54,0,2.013783
54,1,3.455750
54,2,8.051916
54,3,6.500104
54,4,4.981876
55,0,5.667666
55,1,1.485311
55,2,2.944032
55,3,7.371965
55,4,4.351190
56,0,1.672393
56,1,4.491273
56,2,5.834717
56,3,3.153307
56,4,7.201098
57,0,4.476999
57,1,1.843230
57,2,3.102865
57,3,7.239248
57,4,5.825830
58,0,5.872654
58,1,1.471169
58,2,7.217801
58,3,4.468863
58,4,2.961107
59,0,5.910843
59,1,3.041505
59,2,4.450884
59,3,1.637959
59,4,7.384572
60,0,3.155022
60,1,4.489020
60,2,1.738915
60,3,5.828021
60,4,7.159893
61,0,6.070782
61,1,3.097921
61,2,7.485118
61,3,1.734660
61,4,4.635040
62,0,4.354031
62,1,1.659929
62,2,7.062637
62,3,5.674584
62,4,2.999926
63,0,3.103385
63,1,6.293037
63,2,4.883775
63,3,1.536119
63,4,7.641361
64,0,2.426542
64,1,5.218040
64,2,3.785081
64,3,8.122501
64,4,6.641481
65,0,6.101694
65,1,1.846230
65,2,7.544955
65,3,3.270578
65,4,4.711493
66,0,7.331367
66,1,1.727448
66,2,3.276947
66,3,5.982391
66,4,4.658419
67,0,1.532003
67,1,5.972987
67,2,3.004318
67,3,7.662392
67,4,4.516911
68,0,1.865882
68,1,7.400589
68,2,3.244519
68,3,6.052326
68,4,4.713831
69,0,5.777002
69,1,7.143191
69,2,4.243581
69,3,2.906082
69,4,1.560822
70,0,7.337250
70,1,4.567515
70,2,1.792217
70,3,5.903028
70,4,3.133324
71,0,2.966963
71,1,5.709251
71,2,4.358193
71,3,7.049118
71,4,1.627223
72,0,5.515773
72,1,6.942871
72,2,2.779474
72,3,1.350729
72,4,4.168869
73,0,4.207997
73,1,7.051765
73,2,2.874446
73,3,1.486395
73,4,5.567379
74,0,6.975023
74,1,1.522229
74,2,2.848808
74,3,5.657633
74,4,4.230964
75,0,2.818717
75,1,7.405482
75,2,4.515064
75,3,5.883070
75,4,1.473067
76,0,1.606497
76,1,4.529969
76,2,7.352746
76,3,3.026631
76,4,6.019416
77,0,5.795583
77,1,4.370509
77,2,7.283963
77,3,1.631350
77,4,3.032466
78,0,5.724854
78,1,4.295837
78,2,7.093092
78,3,2.892796
78,4,1.522400
79,0,5.142653
79,1,6.644975
79,2,8.055351
79,3,3.778805
79,4,2.436599
80,0,4.382853
80,1,1.468776
80,2,2.975799
80,3,5.741963
80,4,7.137853
81,0,7.473023
81,1,1.657088
81,2,5.902560
81,3,4.374403
81,4,2.986526
82,0,4.906943
82,1,3.537570
82,2,6.346250
82,3,7.704921
82,4,2.073765
83,0,1.611011
83,1,3.260447
83,2,6.023447
83,3,4.688277
83,4,7.415363
84,0,1.745840
84,1,3.163068
84,2,5.954617
84,3,4.521491
84,4,7.262518
85,0,6.971743
85,1,2.708530
85,2,1.394350
85,3,4.086166
85,4,5.604925
86,0,1.512078
86,1,7.192183
86,2,5.805950
86,3,4.396043
86,4,2.941517
87,0,3.181112
87,1,5.926774
87,2,7.258627
87,3,1.848679
87,4,4.588439
88,0,1.917895
88,1,6.154732
88,2,3.298013
88,3,7.496218
88,4,4.776263
89,0,5.010455
89,1,6.529210
89,2,7.979327
89,3,2.250791
89,4,3.599296
90,0,5.970605
90,1,7.404471
90,2,1.792753
90,3,3.174546
90,4,4.535215
91,0,4.925217
91,1,6.276819
91,2,2.098923
91,3,3.548242
91,4,7.740982
92,0,6.891993
92,1,4.176058
92,2,2.843093
92,3,5.534923
92,4,1.528238
93,0,7.331517
93,1,1.583803
93,2,5.862132
93,3,2.969449
93,4,4.468974
94,0,7.678869
94,1,3.363680
94,2,2.010811
94,3,4.785995
94,4,6.218474
95,0,6.080478
95,1,4.747054
95,2,3.207097
95,3,1.618142
95,4,7.451766
96,0,7.418458
96,1,1.631578
96,2,5.989969
96,3,3.055482
96,4,4.416192
97,0,5.693106
97,1,2.899784
97,2,1.555446
97,3,7.138470
97,4,4.294639
98,0,5.151635
98,1,2.359553
98,2,6.502229
98,3,7.830999
98,4,3.814800
99,0,5.015333
99,1,7.749920
99,2,2.106582
99,3,6.366936
99,4,3.501893
100,0,1.572411
100,1,5.788281
100,2,4.473740
100,3,3.117927
100,4,7.209052
101,0,5.816021
101,1,4.489222
101,2,8.530546
101,3,7.209977
101,4,2.911654
102,0,1.685862
102,1,2.993069
102,2,5.679377
102,3,7.161912
102,4,4.299033
103,0,1.476438
103,1,5.563615
103,2,2.787270
103,3,6.888311
103,4,4.176853
104,0,7.272806
104,1,4.535310
104,2,5.912212
104,3,3.132103
104,4,1.717954
105,0,4.272121
105,1,1.469082
105,2,7.128437
105,3,2.871029
105,4,5.699911
106,0,1.410963
106,1,4.208562
106,2,2.828095
106,3,7.052616
106,4,5.676448
107,0,2.827657
107,1,1.455628
107,2,5.637868
107,3,4.143730
107,4,7.159503
108,0,5.657995
108,1,4.154333
108,2,2.813612
108,3,1.441346
108,4,7.111087
109,0,3.582308
109,1,2.141945
109,2,7.768365
109,3,6.404204
109,4,5.012551
110,0,6.064872
110,1,3.277848
110,2,7.490531
110,3,1.882738
110,4,4.629186
111,0,1.564356
111,1,5.694353
111,2,4.325512
111,3,7.047691
111,4,2.895827
112,0,2.828631
112,1,4.274379
112,2,5.865040
112,3,7.359890
112,4,1.492251
113,0,1.736115
113,1,7.445966
113,2,3.168212
113,3,4.509253
113,4,5.922786
114,0,1.400265
114,1,7.134378
114,2,4.219927
114,3,2.852770
114,4,5.810794
115,0,4.299706
115,1,7.268419
115,2,5.747967
115,3,1.474631
115,4,2.894868
116,0,2.833721
116,1,7.085702
116,2,5.673512
116,3,1.514809
116,4,4.309818
117,0,7.433393
117,1,1.499453
117,2,4.391192
117,3,2.930101
117,4,5.807931
118,0,6.438189
118,1,2.055768
118,2,3.543415
118,3,7.793458
118,4,4.965889
119,0,2.875901
119,1,1.522025
119,2,5.647079
119,3,7.018869
119,4,4.231701
120,0,4.780886
120,1,8.520238
120,2,3.358496
120,3,6.628134
120,4,1.967735
121,0,7.001105
121,1,1.417769
121,2,5.523947
121,3,2.834085
121,4,4.187010
122,0,3.646903
122,1,5.090029
122,2,2.212247
122,3,6.440747
122,4,7.864795
123,0,4.661535
123,1,6.022369
123,2,1.879539
123,3,7.365520
123,4,3.262004
124,0,2.524106
124,1,3.964180
124,2,6.689741
124,3,8.220614
124,4,5.365822
125,0,7.721663
125,1,3.504393
125,2,1.940981
125,3,6.252301
125,4,4.921154
126,0,5.585922
126,1,4.252532
126,2,2.866377
126,3,7.000226
126,4,1.465096
127,0,2.152407
127,1,3.598285
127,2,6.429120
127,3,7.783745
127,4,5.076673
128,0,1.544468
128,1,2.929488
128,2,5.795941
128,3,4.264265
128,4,7.097287
129,0,1.702782
129,1,4.549069
129,2,3.040817
129,3,7.263634
129,4,5.923068
130,0,1.509624
130,1,2.927946
130,2,7.239192
130,3,5.754572
130,4,4.435089
131,0,7.497936
131,1,1.693521
131,2,3.105585
131,3,5.954623
131,4,4.542485
132,0,2.809036
132,1,1.430001
132,2,7.055375
132,3,5.603621
132,4,4.212213
133,0,3.057148
133,1,7.198885
133,2,1.663252
133,3,5.839916
133,4,4.493917
134,0,1.852517
134,1,7.392366
134,2,5.957173
134,3,4.589285
134,4,3.281678
135,0,1.499708
135,1,5.703690
135,2,4.262349
135,3,2.844972
135,4,7.089222
136,0,5.598598
136,1,4.244013
136,2,2.903782
136,3,6.952610
136,4,1.560400
137,0,4.814569
137,1,7.606582
137,2,3.402482
137,3,6.199966
137,4,1.954336
138,0,4.885280
138,1,2.899404
138,2,1.431533
138,3,7.558696
138,4,6.214680
139,0,1.452164
139,1,7.087924
139,2,5.634363
139,3,4.296708
139,4,2.859708
140,0,7.115515
140,1,4.292205
140,2,5.765432
140,3,2.917014
140,4,1.580190
141,0,1.708345
141,1,3.034868
141,2,4.403344
141,3,5.766016
141,4,7.191649
142,0,3.380397
142,1,2.037373
142,2,4.833545
142,3,7.565769
142,4,6.151820
143,0,3.201329
143,1,1.872130
143,2,6.136799
143,3,7.430653
143,4,4.554241
144,0,1.738648
144,1,3.150834
144,2,7.420752
144,3,5.971277
144,4,4.547227
145,0,4.494830
145,1,3.062087
145,2,1.591957
145,3,5.981737
145,4,7.343114
146,0,1.411385
146,1,2.759826
146,2,6.977995
146,3,4.112643
146,4,5.503711
147,0,2.028750
147,1,7.621312
147,2,3.355899
147,3,4.758841
147,4,6.291618
148,0,1.644518
148,1,4.341652
148,2,2.964170
148,3,7.144873
148,4,5.770672
149,0,6.065819
149,1,1.853583
149,2,4.637956
149,3,3.270270
149,4,7.463713
150,0,7.060415
150,1,1.701937
150,2,5.727000
150,3,4.339700
150,4,3.018828
151,0,6.013255
151,1,1.677112
151,2,3.180175
151,3,4.579966
151,4,7.317197
152,0,5.790757
152,1,3.095195
152,2,7.175775
152,3,1.700040
152,4,4.443449
153,0,1.428371
153,1,5.737773
153,2,2.955183
153,3,7.108010
153,4,4.414955
154,0,4.447500
154,1,5.903424
154,2,1.615337
154,3,3.044700
154,4,7.294010
155,0,5.525220
155,1,1.378403
155,2,4.094417
155,3,2.704652
155,4,6.888577
156,0,3.057209
156,1,1.638578
156,2,4.402830
156,3,7.362013
156,4,5.878310
157,0,1.533834
157,1,6.848648
157,2,4.207762
157,3,2.871747
157,4,5.536145
158,0,1.813741
158,1,6.055596
158,2,4.545135
158,3,3.224958
158,4,7.402386
159,0,1.545732
159,1,5.842777
159,2,4.521695
159,3,7.199172
159,4,3.027657
160,0,4.150225
160,1,6.813315
160,2,5.478549
160,3,2.810296
160,4,1.450130
161,0,3.065441
161,1,5.748474
161,2,4.405550
161,3,7.090158
161,4,1.584722
162,0,6.408726
162,1,7.824028
162,2,3.596958
162,3,2.185508
162,4,4.915432
163,0,1.764040
163,1,4.603821
163,2,6.035581
163,3,7.416364
163,4,3.295915
164,0,4.643737
164,1,7.401379
164,2,3.287675
164,3,1.955570
164,4,6.072634
165,0,5.737376
165,1,1.660907
165,2,4.366280
165,3,7.180346
165,4,3.030129
166,0,3.074730
166,1,5.799630
166,2,7.117153
166,3,1.757232
166,4,4.394317
167,0,2.832534
167,1,6.879559
167,2,5.538386
167,3,1.488824
167,4,4.135199
168,0,7.084624
168,1,5.721183
168,2,4.342875
168,3,1.574775
168,4,2.938061
169,0,3.580823
169,1,4.937463
169,2,7.797672
169,3,2.143865
169,4,6.404011
170,0,5.973544
170,1,3.148584
170,2,1.623563
170,3,7.503832
170,4,4.634808
171,0,6.149426
171,1,1.857866
171,2,3.292532
171,3,4.623328
171,4,7.527816
172,0,4.183612
172,1,6.912781
172,2,2.870550
172,3,1.480687
172,4,5.541607
173,0,3.032763
173,1,4.391295
173,2,1.644991
173,3,7.088729
173,4,5.716608
174,0,7.344022
174,1,1.808264
174,2,4.557314
174,3,3.243140
174,4,5.978229
175,0,1.430760
175,1,3.485021
175,2,7.822498
175,3,6.466392
175,4,5.007770
176,0,1.559419
176,1,4.221478
176,2,5.603873
176,3,2.886137
176,4,7.181019
177,0,7.454863
177,1,1.627111
177,2,3.050938
177,3,4.551769
177,4,5.945512
178,0,7.139693
178,1,2.960030
178,2,5.706136
178,3,4.353343
178,4,1.567087
179,0,3.121102
179,1,7.487890
179,2,1.744679
179,3,4.650153
179,4,6.110945
180,0,1.500559
180,1,6.946178
180,2,5.566236
180,3,4.180516
180,4,2.840281
181,0,4.706874
181,1,6.080098
181,2,3.339041
181,3,1.928573
181,4,7.469136
182,0,1.522643
182,1,4.275797
182,2,5.611537
182,3,2.861334
182,4,7.142829
183,0,7.135342
183,1,5.694929
183,2,1.535860
183,3,4.267038
183,4,2.932048
184,0,3.248852
184,1,4.662552
184,2,6.021031
184,3,1.904720
184,4,7.354244
185,0,4.323884
185,1,7.158237
185,2,5.753747
185,3,2.863839
185,4,1.418187
186,0,4.271050
186,1,1.423756
186,2,2.748936
186,3,5.722131
186,4,7.168126
187,0,3.471547
187,1,8.025786
187,2,5.088246
187,3,6.498849
187,4,2.079984
188,0,1.962919
188,1,3.318843
188,2,4.813424
188,3,6.212814
188,4,7.658338
189,0,4.505465
189,1,7.423726
189,2,5.915110
189,3,2.959387
189,4,1.599666
190,0,1.422679
190,1,2.835191
190,2,4.225219
190,3,7.058434
190,4,5.554499
191,0,1.962507
191,1,3.283806
191,2,6.017009
191,3,7.406891
191,4,4.685339
192,0,1.967969
192,1,6.368786
192,2,3.514136
192,3,4.980242
192,4,7.690471
193,0,3.405805
193,1,6.172886
193,2,7.772816
193,3,4.726002
193,4,1.969682
194,0,4.721760
194,1,6.263084
194,2,3.376322
194,3,7.805772
194,4,1.957002
195,0,3.039089
195,1,1.663066
195,2,5.687130
195,3,4.353938
195,4,7.041504
196,0,4.949909
196,1,7.784783
196,2,3.551222
196,3,2.098383
196,4,6.265771
197,0,3.204917
197,1,7.461637
197,2,4.579362
197,3,5.957676
197,4,1.825354
198,0,2.051464
198,1,6.283858
198,2,7.637555
198,3,4.851171
198,4,3.362544
199,0,7.553742
199,1,6.069861
199,2,3.096939
199,3,1.585622
199,4,4.614255
200,0,3.548613
200,1,1.998481
200,2,7.794049
200,3,4.962474
200,4,6.294618
201,0,2.984195
201,1,5.717554
201,2,4.331010
201,3,1.541014
201,4,7.141383
202,0,2.969623
202,1,4.285727
202,2,1.560290
202,3,5.735634
202,4,7.103544
203,0,5.890542
203,1,4.528291
203,2,3.182287
203,3,1.746740
203,4,7.237216
204,0,4.246679
204,1,2.800828
204,2,5.739833
204,3,7.063198
204,4,1.463952
205,0,6.513892
205,1,2.006955
205,2,5.181660
205,3,7.898016
205,4,3.731786
206,0,1.658117
206,1,5.703660
206,2,3.039150
206,3,7.466377
206,4,4.365801
207,0,7.478181
207,1,1.976767
207,2,6.140837
207,3,3.440009
207,4,4.786188
208,0,3.106103
208,1,1.697738
208,2,5.788366
208,3,7.200209
208,4,4.459965
209,0,2.822691
209,1,7.109915
209,2,4.206551
209,3,5.672717
209,4,1.444197
210,0,7.021055
210,1,2.818415
210,2,5.533842
210,3,1.366294
210,4,4.146380
211,0,1.687627
211,1,3.062941
211,2,7.203116
211,3,5.883532
211,4,4.521796
212,0,4.516079
212,1,1.596863
212,2,3.162071
212,3,7.385305
212,4,5.942526
213,0,6.975853
213,1,8.371103
213,2,5.439685
213,3,3.896149
213,4,2.575448
214,0,2.937616
214,1,7.137389
214,2,1.596814
214,3,4.243256
214,4,5.736715
215,0,7.673542
215,1,2.281735
215,2,4.984294
215,3,6.299520
215,4,3.623913
216,0,5.651611
216,1,2.825202
216,2,1.458023
216,3,4.211183
216,4,7.111153
217,0,7.107633
217,1,5.770849
217,2,1.499888
217,3,4.263504
217,4,2.923083
218,0,2.480135
218,1,6.705954
218,2,5.280401
218,3,8.213246
218,4,3.865994
219,0,2.064299
219,1,7.601824
219,2,6.194662
219,3,3.504324
219,4,4.824259
220,0,5.661071
220,1,6.994685
220,2,4.225901
220,3,1.372140
220,4,2.878091
221,0,6.263470
221,1,1.863787
221,2,4.802974
221,3,3.391168
221,4,7.602304
222,0,2.962498
222,1,1.471585
222,2,5.661316
222,3,4.311155
222,4,6.985846
223,0,4.494812
223,1,3.165973
223,2,7.257299
223,3,1.701235
223,4,5.910016
224,0,3.138557
224,1,4.475563
224,2,1.742547
224,3,5.826318
224,4,7.276680
225,0,1.580381
225,1,7.600928
225,2,4.842215
225,3,6.243629
225,4,3.397404
226,0,7.556335
226,1,4.755243
226,2,6.082915
226,3,2.062019
226,4,3.432172
227,0,3.490740
227,1,7.702775
227,2,2.133947
227,3,4.845035
227,4,6.284552
228,0,6.985350
228,1,5.662848
228,2,2.996063
228,3,4.323696
228,4,1.609566
229,0,6.979501
229,1,2.821691
229,2,4.154111
229,3,5.544945
229,4,1.422047
230,0,4.267205
230,1,2.807831
230,2,7.207338
230,3,1.427640
230,4,5.793145
231,0,7.342042
231,1,5.992954
231,2,1.791302
231,3,4.544845
231,4,3.114650
232,0,2.060164
232,1,7.618896
232,2,3.486453
232,3,6.244296
232,4,4.923551
233,0,2.848241
233,1,7.094703
233,2,5.598418
233,3,1.378772
233,4,4.199806
234,0,2.031433
234,1,3.479251
234,2,7.633061
234,3,4.815406
234,4,6.270528
235,0,7.321578
235,1,4.583061
235,2,5.970662
235,3,3.137662
235,4,1.663442
236,0,7.381094
236,1,3.231218
236,2,5.974816
236,3,1.709636
236,4,4.631174
237,0,2.901932
237,1,7.009180
237,2,1.414945
237,3,5.615484
237,4,4.224293
238,0,4.490622
238,1,2.979926
238,2,1.457702
238,3,7.169852
238,4,5.834578
239,0,2.924217
239,1,1.588562
239,2,4.383264
239,3,5.828873
239,4,7.144777
240,0,7.819128
240,1,4.580786
240,2,1.827462
240,3,6.320965
240,4,3.177121
241,0,2.960502
241,1,4.298381
241,2,5.816593
241,3,7.116898
241,4,1.576285
242,0,1.911474
242,1,7.505008
242,2,6.164692
242,3,4.724816
242,4,3.303361
243,0,1.334062
243,1,4.120790
243,2,2.748071
243,3,5.475115
243,4,6.855142
244,0,4.907898
244,1,7.695931
244,2,6.224259
244,3,3.472037
244,4,2.133092
245,0,3.442013
245,1,6.262601
245,2,1.982919
245,3,4.795377
245,4,7.694463
246,0,7.473652
246,1,4.816449
246,2,1.954464
246,3,6.156066
246,4,3.281889
247,0,5.687047
247,1,2.776961
247,2,1.467412
247,3,4.224572
247,4,7.166592
248,0,1.823086
248,1,7.344963
248,2,4.621440
248,3,5.996304
248,4,3.162071
249,0,7.316481
249,1,5.992750
249,2,1.650957
249,3,4.499684
249,4,3.085092
250,0,2.312031
250,1,6.616046
250,2,5.154888
250,3,3.774054
250,4,8.010913
251,0,4.457321
251,1,7.189168
251,2,5.815602
251,3,1.728765
251,4,3.132787
252,0,2.114235
252,1,7.802618
252,2,6.368860
252,3,3.464477
252,4,4.845870
253,0,8.040314
253,1,3.527850
253,2,5.042758
253,3,6.353093
253,4,2.040692
254,0,5.822160
254,1,7.241382
254,2,4.476624
254,3,1.712359
254,4,3.060254
255,0,3.397275
255,1,1.987690
255,2,6.280926
255,3,4.877968
255,4,7.613959
256,0,1.507040
256,1,4.316807
256,2,7.057908
256,3,2.895645
256,4,5.745334
257,0,4.417040
257,1,3.012214
257,2,1.618809
257,3,7.211213
257,4,5.844643
258,0,5.569820
258,1,4.223294
258,2,2.857024
258,3,1.371738
258,4,7.053157
259,0,5.831476
259,1,2.988147
259,2,4.422810
259,3,1.471461
259,4,7.377637
260,0,1.542357
260,1,2.945787
260,2,7.169630
260,3,4.396088
260,4,5.736411
261,0,7.169760
261,1,5.759224
261,2,4.294483
261,3,2.857347
261,4,1.497881
262,0,7.463259
262,1,4.799217
262,2,3.365437
262,3,2.034681
262,4,6.121446
263,0,4.718821
263,1,6.169206
263,2,3.274391
263,3,1.904449
263,4,7.525598
264,0,5.957862
264,1,1.697300
264,2,7.362038
264,3,4.403630
264,4,3.045135
265,0,7.246453
265,1,4.555964
265,2,1.683922
265,3,5.891515
265,4,3.123953
266,0,3.143910
266,1,4.481265
266,2,1.815133
266,3,5.851406
266,4,7.197156
267,0,3.053391
267,1,1.669903
267,2,5.785455
267,3,4.391942
267,4,7.256842
268,0,2.014041
268,1,7.566201
268,2,3.386430
268,3,6.111964
268,4,4.722312
269,0,4.801930
269,1,1.603503
269,2,6.218136
269,3,3.417155
269,4,7.653322
270,0,3.085623
270,1,4.498698
270,2,5.901984
270,3,7.250581
270,4,1.738334
271,0,4.074962
271,1,6.959192
271,2,2.714743
271,3,5.427992
271,4,1.346095
272,0,6.307231
272,1,2.112100
272,2,4.870989
272,3,7.642940
272,4,3.521047
273,0,4.546574
273,1,3.122547
273,2,7.388045
273,3,1.778716
273,4,5.919043
274,0,2.176335
274,1,5.004667
274,2,7.735257
274,3,3.626045
274,4,6.325637
275,0,5.542981
275,1,4.130891
275,2,2.798243
275,3,6.884994
275,4,1.401091
276,0,5.983169
276,1,1.892144
276,2,7.323333
276,3,4.642448
276,4,3.322276
277,0,5.172578
277,1,7.882446
277,2,6.514823
277,3,3.812526
277,4,2.423641
278,0,1.993762
278,1,4.810571
278,2,7.478053
278,3,3.354753
278,4,6.156388
279,0,7.378272
279,1,1.614714
279,2,5.857976
279,3,3.022717
279,4,4.412447
280,0,5.916795
280,1,4.458789
280,2,2.981845
280,3,1.599142
280,4,7.328505
281,0,2.234167
281,1,3.600422
281,2,4.943140
281,3,7.667391
281,4,6.297117
282,0,4.905481
282,1,2.112046
282,2,8.533266
282,3,6.850539
282,4,3.418662
283,0,2.023746
283,1,6.419165
283,2,5.077920
283,3,7.862090
283,4,3.596404
284,0,6.502851
284,1,1.934482
284,2,5.203079
284,3,7.917230
284,4,3.809220
285,0,2.849148
285,1,4.269005
285,2,1.517830
285,3,7.065815
285,4,5.637949
286,0,7.099021
286,1,5.711747
286,2,1.553166
286,3,2.883548
286,4,4.272941
287,0,5.527397
287,1,1.351458
287,2,4.134777
287,3,2.713178
287,4,6.955777
288,0,1.591822
288,1,7.038032
288,2,2.939711
288,3,5.702874
288,4,4.253570
289,0,5.836972
289,1,7.235211
289,2,1.675138
289,3,4.478305
289,4,3.131994
290,0,1.568349
290,1,3.140173
290,2,7.072938
290,3,5.768692
290,4,4.459712
291,0,6.213175
291,1,1.945808
291,2,4.764365
291,3,7.641946
291,4,3.284747
292,0,4.223170
292,1,5.611704
292,2,2.876887
292,3,1.535281
292,4,6.933770
293,0,2.335687
293,1,5.120038
293,2,3.808655
293,3,6.598569
293,4,8.124279
294,0,3.073084
294,1,5.870449
294,2,1.664744
294,3,4.526197
294,4,7.382139
295,0,1.768296
295,1,5.765446
295,2,7.187118
295,3,4.388370
295,4,3.091367
296,0,1.481574
296,1,5.742126
296,2,7.138540
296,3,2.935738
296,4,4.254100
297,0,2.934406
297,1,4.413226
297,2,7.374262
297,3,5.997334
297,4,1.514148
298,0,7.137657
298,1,2.854692
298,2,4.281719
298,3,1.501699
298,4,5.712439
299,0,4.425244
299,1,1.662867
299,2,7.413639
299,3,3.090639
299,4,5.865307
300,0,5.625830
300,1,2.922003
300,2,6.987103
300,3,4.286285
300,4,1.398816
301,0,7.031862
301,1,5.658670
301,2,2.897733
301,3,4.330400
301,4,1.484110
302,0,5.934074
302,1,7.449299
302,2,3.031881
302,3,1.607227
302,4,4.398085
303,0,4.645104
303,1,3.200212
303,2,1.728521
303,3,7.348149
303,4,5.979028
304,0,5.745639
304,1,7.095883
304,2,2.888005
304,3,1.510106
304,4,4.323127
305,0,7.509916
305,1,6.055554
305,2,2.024512
305,3,4.721662
305,4,3.364652
306,0,1.449910
306,1,2.806392
306,2,5.698594
306,3,4.249401
306,4,7.105745
307,0,4.631176
307,1,3.166866
307,2,6.091045
307,3,1.625302
307,4,7.445689
308,0,5.494932
308,1,6.904823
308,2,1.350899
308,3,2.747957
308,4,4.129194
309,0,4.391897
309,1,5.777361
309,2,7.124398
309,3,1.682061
309,4,3.000229
310,0,2.252990
310,1,7.905173
310,2,5.020288
310,3,3.583242
310,4,6.386090
311,0,7.297809
311,1,1.798778
311,2,3.125560
311,3,4.472216
311,4,5.907059
312,0,1.477342
312,1,4.143494
312,2,6.851456
312,3,5.539436
312,4,2.794450
313,0,1.707430
313,1,3.072060
313,2,7.198606
313,3,4.453552
313,4,5.795648
314,0,3.112306
314,1,5.952153
314,2,4.540740
314,3,1.770952
314,4,7.391800
315,0,4.161438
315,1,5.510564
315,2,2.778407
315,3,7.013788
315,4,1.367408
316,0,2.999525
316,1,7.315725
316,2,4.324148
316,3,1.573748
316,4,5.811096
317,0,3.421939
317,1,6.341151
317,2,7.735009
317,3,4.903053
317,4,1.890482
318,0,4.410467
318,1,1.604275
318,2,7.060615
318,3,5.726541
318,4,3.067823
319,0,4.801232
319,1,7.475098
319,2,6.155498
319,3,2.077946
319,4,3.451823
320,0,3.020056
320,1,1.625982
320,2,4.358909
320,3,5.687795
320,4,7.333519
321,0,4.442184
321,1,1.622006
321,2,3.050013
321,3,7.191382
321,4,5.805191
322,0,2.089115
322,1,6.171361
322,2,3.425327
322,3,7.649509
322,4,4.813285
323,0,4.194551
323,1,1.532738
323,2,7.186893
323,3,2.869102
323,4,5.624601
324,0,7.203104
324,1,5.883634
324,2,1.711694
324,3,4.479601
324,4,3.069913
325,0,1.637630
325,1,3.055278
325,2,5.956157
325,3,4.602611
325,4,7.438710
326,0,5.852813
326,1,4.369020
326,2,7.287635
326,3,3.029543
326,4,1.685529
327,0,4.028309
327,1,5.423506
327,2,1.329444
327,3,6.824579
327,4,2.679046
328,0,1.545498
328,1,5.746241
328,2,7.402886
328,3,4.276805
328,4,2.875325
329,0,7.049811
329,1,5.581450
329,2,1.531024
329,3,4.244075
329,4,2.889788
330,0,1.714351
330,1,7.307193
330,2,3.045441
330,3,5.787511
330,4,4.374848
331,0,3.016549
331,1,1.569457
331,2,4.493519
331,3,5.833785
331,4,7.272281
332,0,4.531740
332,1,7.312532
332,2,1.869477
332,3,3.214532
332,4,5.876455
333,0,7.418541
333,1,2.987581
333,2,5.728157
333,3,1.634680
333,4,4.320783
334,0,5.711124
334,1,2.805419
334,2,7.034622
334,3,4.206425
334,4,1.374987
335,0,5.903061
335,1,3.121646
335,2,7.238723
335,3,1.635092
335,4,4.557865
336,0,6.931453
336,1,2.824208
336,2,1.372301
336,3,5.576525
336,4,4.218086
337,0,1.548782
337,1,4.258460
337,2,5.577579
337,3,2.955354
337,4,6.941043
338,0,5.772593
338,1,4.360582
338,2,1.618838
338,3,2.987428
338,4,7.112430
339,0,2.982080
339,1,1.619932
339,2,4.317824
339,3,7.066836
339,4,5.721012
340,0,4.284623
340,1,7.154928
340,2,5.704836
340,3,2.938790
340,4,1.465650
341,0,2.974840
341,1,4.497678
341,2,5.918272
341,3,7.289915
341,4,1.591960
342,0,4.463318
342,1,5.834308
342,2,3.083323
342,3,7.191013
342,4,1.745302
343,0,5.796426
343,1,1.520764
343,2,2.983217
343,3,4.417603
343,4,7.170655
344,0,6.466289
344,1,2.279885
344,2,5.136229
344,3,7.795099
344,4,3.694195
345,0,7.829684
345,1,3.835599
345,2,2.422100
345,3,6.525700
345,4,5.104022
346,0,2.965524
346,1,7.004414
346,2,5.651677
346,3,4.309014
346,4,1.648910
347,0,1.753006
347,1,4.590790
347,2,3.200103
347,3,6.042978
347,4,7.415993
348,0,5.664690
348,1,2.793695
348,2,7.056990
348,3,1.370720
348,4,4.221703
349,0,3.076791
349,1,4.429699
349,2,6.855682
349,3,8.310056
349,4,1.602960
350,0,7.515551
350,1,6.078367
350,2,1.959250
350,3,4.643258
350,4,3.299800
351,0,2.785480
351,1,4.190808
351,2,5.718102
351,3,1.354507
351,4,7.059861
352,0,7.137491
352,1,5.808978
352,2,1.503619
352,3,4.380604
352,4,3.073797
353,0,1.603181
353,1,7.292043
353,2,4.491644
353,3,5.946293
353,4,3.048303
354,0,7.828351
354,1,3.497886
354,2,5.055391
354,3,6.461305
354,4,2.124604
355,0,6.286547
355,1,2.149582
355,2,7.615354
355,3,3.493683
355,4,4.891223
356,0,1.864338
356,1,4.622409
356,2,7.597730
356,3,6.161064
356,4,3.201376
357,0,5.944078
357,1,1.895643
357,2,4.624490
357,3,3.239857
357,4,7.455196
358,0,6.987917
358,1,4.289843
358,2,5.660292
358,3,2.906309
358,4,1.515460
359,0,5.799725
359,1,7.127002
359,2,3.005428
359,3,4.414806
359,4,1.465910
360,0,5.903063
360,1,1.481166
360,2,3.054909
360,3,7.271150
360,4,4.537377
361,0,4.578088
361,1,1.919060
361,2,3.252725
361,3,5.936194
361,4,7.304101
362,0,7.410455
362,1,6.045144
362,2,3.305117
362,3,4.680097
362,4,1.987030
363,0,3.272350
363,1,5.915156
363,2,1.846779
363,3,4.585701
363,4,7.343895
364,0,8.551239
364,1,6.976118
364,2,5.460941
364,3,2.611598
364,4,4.033199
365,0,6.344419
365,1,2.149721
365,2,5.009211
365,3,3.515752
365,4,7.715210
366,0,6.332623
366,1,4.945590
366,2,7.778925
366,3,3.472058
366,4,2.047957
367,0,2.322436
367,1,6.508149
367,2,5.095645
367,3,3.668150
367,4,7.883385
368,0,6.189411
368,1,3.408091
368,2,7.619098
368,3,4.832894
368,4,1.959992
369,0,4.220310
369,1,2.858367
369,2,6.890171
369,3,1.459327
369,4,5.542041
370,0,4.488178
370,1,5.972381
370,2,1.652835
370,3,7.327628
370,4,3.079613
371,0,4.383941
371,1,2.674265
371,2,7.455734
371,3,8.875013
371,4,5.898068
372,0,4.423134
372,1,1.673269
372,2,7.118556
372,3,3.078614
372,4,5.766406
373,0,5.545590
373,1,6.893485
373,2,4.166132
373,3,1.385350
373,4,2.742162
374,0,1.706562
374,1,5.850366
374,2,4.469866
374,3,3.028267
374,4,7.185640
375,0,5.903793
375,1,4.552926
375,2,3.016761
375,3,1.415741
375,4,7.368873
376,0,7.377603
376,1,3.227843
376,2,5.975431
376,3,4.546063
376,4,1.750458
377,0,7.155603
377,1,4.352463
377,2,1.411786
377,3,5.814762
377,4,2.921222
378,0,5.772696
378,1,4.292777
378,2,1.443286
378,3,2.833096
378,4,7.140146
379,0,1.660129
379,1,4.520115
379,2,7.341562
379,3,3.115027
379,4,5.910989
380,0,5.697844
380,1,2.985490
380,2,4.367610
380,3,1.605509
380,4,7.020705
381,0,6.580430
381,1,2.402130
381,2,3.767675
381,3,5.091657
381,4,7.935693
382,0,1.442162
382,1,5.865672
382,2,3.059091
382,3,7.237523
382,4,4.478674
383,0,6.079149
383,1,3.016357
383,2,1.606845
383,3,4.611997
383,4,7.443975
384,0,2.879307
384,1,1.516054
384,2,4.211404
384,3,7.037407
384,4,5.651716
385,0,2.783074
385,1,5.632427
385,2,1.410453
385,3,6.989342
385,4,4.123688
386,0,3.111143
386,1,7.438633
386,2,6.010223
386,3,4.613635
386,4,1.594840
387,0,5.767569
387,1,4.424268
387,2,3.019956
387,3,7.103665
387,4,1.670501
388,0,7.792942
388,1,3.702148
388,2,5.072462
388,3,2.304765
388,4,6.463103
389,0,2.934386
389,1,7.043654
389,2,1.495382
389,3,4.284968
389,4,5.622871
390,0,6.833792
390,1,5.385545
390,2,2.213111
390,3,8.216161
390,4,3.773395
391,0,7.167560
391,1,5.714961
391,2,2.986886
391,3,4.345748
391,4,1.636047
392,0,1.398498
392,1,2.890452
392,2,6.893612
392,3,5.581909
392,4,4.242507
393,0,4.333016
393,1,2.941837
393,2,5.686098
393,3,7.025242
393,4,1.514148
394,0,5.471275
394,1,8.227218
394,2,4.014422
394,3,6.832466
394,4,2.476195
395,0,6.393311
395,1,7.808427
395,2,1.960969
395,3,4.958443
395,4,3.473574
396,0,1.802268
396,1,4.504292
396,2,5.814660
396,3,7.185547
396,4,3.129789
397,0,4.751161
397,1,7.559558
397,2,6.087544
397,3,3.331247
397,4,1.938894
398,0,3.060084
398,1,7.384172
398,2,1.716535
398,3,4.442299
398,4,5.866721
399,0,4.128101
399,1,2.804482
399,2,6.811629
399,3,1.374576
399,4,5.491418
400,0,5.743397
400,1,2.962935
400,2,7.072308
400,3,1.537864
400,4,4.389708
401,0,4.728184
401,1,3.349238
401,2,1.953413
401,3,6.062925
401,4,7.402163
402,0,3.559098
402,1,6.246647
402,2,2.138151
402,3,4.904295
402,4,7.764985
403,0,5.669820
403,1,2.994105
403,2,7.005971
403,3,1.622323
403,4,4.351056
404,0,6.562619
404,1,2.441982
404,2,3.766536
404,3,7.885157
404,4,5.226552
405,0,5.872074
405,1,1.577779
405,2,3.023716
405,3,7.261547
405,4,4.519061
406,0,4.250503
406,1,2.819769
406,2,5.601473
406,3,1.478558
406,4,7.066443
407,0,4.588477
407,1,1.861771
407,2,5.964786
407,3,7.458112
407,4,3.258376
408,0,4.215011
408,1,5.695462
408,2,1.359221
408,3,2.763003
408,4,7.036223
409,0,3.305379
409,1,4.682565
409,2,6.090728
409,3,7.565096
409,4,1.901060
410,0,5.947902
410,1,3.073133
410,2,4.532702
410,3,7.311996
410,4,1.662985
411,0,7.048512
411,1,4.195725
411,2,2.862514
411,3,5.706672
411,4,1.405951
412,0,4.341016
412,1,1.610652
412,2,5.761931
412,3,2.994478
412,4,7.100700
413,0,7.689768
413,1,1.570600
413,2,4.280234
413,3,2.949739
413,4,6.327744
414,0,2.855812
414,1,7.079790
414,2,4.205615
414,3,5.641341
414,4,1.422133
415,0,7.105751
415,1,2.853443
415,2,1.451585
415,3,5.564480
415,4,4.176661
416,0,1.958641
416,1,7.748862
416,2,6.268456
416,3,3.491435
416,4,4.894916
417,0,3.221762
417,1,4.661066
417,2,6.089379
417,3,1.757136
417,4,7.462543
418,0,1.839280
418,1,4.620182
418,2,3.261872
418,3,5.960505
418,4,7.496929
419,0,6.996249
419,1,2.840008
419,2,5.610352
419,3,4.212915
419,4,1.509962
420,0,5.871224
420,1,1.797539
420,2,3.105310
420,3,4.463278
420,4,7.279552
421,0,4.224629
421,1,1.524250
421,2,5.636245
421,3,2.861310
421,4,6.958876
422,0,3.307827
422,1,6.166466
422,2,4.718895
422,3,1.901199
422,4,7.492749
423,0,4.406241
423,1,1.695990
423,2,3.060478
423,3,7.277297
423,4,5.775158
424,0,6.844028
424,1,2.752225
424,2,1.438821
424,3,5.525973
424,4,4.177480
425,0,4.677824
425,1,3.297579
425,2,1.756966
425,3,7.502598
425,4,6.038194
426,0,6.143416
426,1,3.278759
426,2,1.898579
426,3,4.631019
426,4,7.565685
427,0,1.528512
427,1,2.902246
427,2,7.092574
427,3,5.722497
427,4,4.236654
428,0,1.448969
428,1,2.933175
428,2,5.804182
428,3,4.336822
428,4,7.182597
429,0,7.287192
429,1,1.662366
429,2,3.155325
429,3,5.923940
429,4,4.529068
430,0,6.013584
430,1,7.335482
430,2,4.679652
430,3,3.288988
430,4,1.915084
431,0,1.564258
431,1,4.313672
431,2,5.933795
431,3,7.475464
431,4,2.886648
432,0,4.673568
432,1,7.351687
432,2,3.283070
432,3,6.023536
432,4,1.835301
433,0,4.720267
433,1,7.523725
433,2,3.319308
433,3,1.778313
433,4,6.190999
434,0,2.893585
434,1,5.721210
434,2,1.380385
434,3,4.365764
434,4,7.080971
435,0,1.795184
435,1,6.029682
435,2,3.279226
435,3,7.430402
435,4,4.695067
436,0,1.771637
436,1,4.492198
436,2,3.107220
436,3,7.283469
436,4,5.830321
437,0,1.419626
437,1,5.449656
437,2,2.794466
437,3,6.951838
437,4,4.136250
438,0,4.146759
438,1,5.595904
438,2,7.010106
438,3,1.477321
438,4,2.792447
439,0,4.490005
439,1,3.123858
439,2,7.259983
439,3,5.835399
439,4,1.688114
440,0,4.690814
440,1,1.740867
440,2,3.269326
440,3,6.122939
440,4,7.528012
441,0,5.900299
441,1,4.483634
441,2,3.121675
441,3,1.736721
441,4,7.237386
442,0,5.866720
442,1,1.745605
442,2,4.522798
442,3,7.257432
442,4,3.143707
443,0,4.358799
443,1,2.873108
443,2,1.458722
443,3,7.072798
443,4,5.723075
444,0,7.931351
444,1,5.983129
444,2,1.782797
444,3,4.566139
444,4,3.198243
445,0,5.662555
445,1,7.042041
445,2,4.324118
445,3,1.602296
445,4,2.965479
446,0,7.175124
446,1,5.828661
446,2,4.439320
446,3,3.070642
446,4,1.539980
447,0,4.042107
447,1,5.754338
447,2,2.669966
447,3,1.315967
447,4,7.228720
448,0,4.947803
448,1,2.190833
448,2,7.737863
448,3,3.515741
448,4,6.296600
449,0,4.732864
449,1,1.837064
449,2,6.062903
449,3,3.240959
449,4,7.452389
450,0,6.899570
450,1,1.358373
450,2,5.435609
450,3,4.098191
450,4,2.681013
451,0,1.684945
451,1,6.031969
451,2,3.132637
451,3,7.441381
451,4,4.543008
452,0,3.623379
452,1,7.853284
452,2,5.057522
452,3,2.221456
452,4,6.509202
453,0,5.605014
453,1,2.948784
453,2,6.954633
453,3,1.601471
453,4,4.270019
454,0,5.655976
454,1,7.127992
454,2,2.892474
454,3,4.302581
454,4,1.453572
455,0,5.739264
455,1,7.081838
455,2,1.604066
455,3,2.974080
455,4,4.370701
456,0,4.278677
456,1,2.835802
456,2,7.079002
456,3,1.504466
456,4,5.703472
457,0,5.815752
457,1,7.253243
457,2,3.119134
457,3,1.772749
457,4,4.447827
458,0,6.467480
458,1,3.574528
458,2,4.996495
458,3,7.944448
458,4,2.171113
459,0,4.320581
459,1,2.875797
459,2,1.525140
459,3,5.890538
459,4,7.536709
460,0,2.774729
460,1,7.084772
460,2,5.634188
460,3,4.181894
460,4,1.395322
461,0,5.960469
461,1,4.511411
461,2,1.612096
461,3,7.375059
461,4,2.942629
462,0,4.564127
462,1,1.856994
462,2,3.184603
462,3,7.308148
462,4,5.903222
463,0,1.758284
463,1,4.625023
463,2,7.456714
463,3,5.993910
463,4,3.167289
464,0,1.484698
464,1,7.115533
464,2,4.320974
464,3,2.813739
464,4,5.749047
465,0,3.268312
465,1,6.024323
465,2,1.872500
465,3,7.435452
465,4,4.656757
466,0,3.173429
466,1,4.496986
466,2,1.782926
466,3,5.834211
466,4,7.186276
467,0,6.642011
467,1,5.260082
467,2,3.905816
467,3,8.063492
467,4,2.433082
468,0,3.770612
468,1,7.953491
468,2,6.560109
468,3,5.217352
468,4,2.359700
469,0,2.778026
469,1,5.617621
469,2,4.172638
469,3,7.030608
469,4,1.411327
470,0,6.914276
470,1,4.167514
470,2,5.586888
470,3,1.425273
470,4,2.785627
471,0,6.001664
471,1,1.768989
471,2,3.306936
471,3,4.666666
471,4,7.374518
472,0,1.760534
472,1,6.021898
472,2,4.693803
472,3,7.351537
472,4,3.163647
473,0,4.551347
473,1,5.928801
473,2,3.162612
473,3,7.284868
473,4,1.798010
474,0,2.476413
474,1,8.599128
474,2,7.100270
474,3,3.826884
474,4,5.504750
475,0,2.314572
475,1,3.900704
475,2,5.270720
475,3,6.810222
475,4,8.332154
476,0,3.444568
476,1,6.311885
476,2,7.742460
476,3,2.056456
476,4,4.892756
477,0,2.054778
477,1,4.763845
477,2,3.417877
477,3,6.173176
477,4,7.580241
478,0,6.631397
478,1,5.164408
478,2,7.992252
478,3,2.183965
478,4,3.783393
479,0,1.789751
479,1,5.851942
479,2,4.514289
479,3,3.173068
479,4,7.259836
480,0,5.896303
480,1,4.509906
480,2,3.103606
480,3,7.219927
480,4,1.755569
481,0,4.305047
481,1,2.937274
481,2,7.079818
481,3,5.640811
481,4,1.420500
482,0,5.649384
482,1,1.508211
482,2,7.010801
482,3,4.306117
482,4,2.957506
483,0,6.122270
483,1,1.489888
483,2,4.775340
483,3,7.528997
483,4,3.154169
484,0,1.576432
484,1,7.142081
484,2,4.342120
484,3,5.807408
484,4,2.910621
485,0,6.153071
485,1,7.506797
485,2,4.807669
485,3,3.449823
485,4,1.935376
486,0,2.803649
486,1,4.151194
486,2,1.355373
486,3,5.535038
486,4,6.900923
487,0,7.297328
487,1,4.501630
487,2,5.882120
487,3,3.004495
487,4,1.677045
488,0,5.667931
488,1,4.212280
488,2,7.294247
488,3,2.827202
488,4,1.477982
489,0,4.503090
489,1,6.066911
489,2,3.075144
489,3,7.454896
489,4,1.752578
490,0,5.704713
490,1,7.103706
490,2,4.368880
490,3,1.628418
490,4,2.967489
491,0,4.424253
491,1,5.754605
491,2,7.137215
491,3,3.071082
491,4,1.618085
492,0,7.126704
492,1,4.262751
492,2,2.904523
492,3,5.613282
492,4,1.483481
493,0,1.528487
493,1,4.314127
493,2,2.918188
493,3,7.370355
493,4,5.792898
494,0,4.285142
494,1,7.107651
494,2,2.891027
494,3,5.720170
494,4,1.547753
495,0,7.320583
495,1,1.827653
495,2,4.666876
495,3,5.988711
495,4,3.251540
496,0,3.041317
496,1,7.171748
496,2,5.803090
496,3,4.410528
496,4,1.637142
497,0,6.092155
497,1,3.394200
497,2,1.907260
497,3,7.542984
497,4,4.731442
498,0,1.931267
498,1,4.814171
498,2,6.180707
498,3,3.371842
498,4,7.499745
499,0,4.484540
499,1,5.894638
499,2,1.632146
499,3,3.138129
499,4,7.299412
500,0,4.121990
500,1,6.832994
500,2,2.758465
500,3,1.427360
500,4,5.462946
501,0,1.756932
501,1,4.458726
501,2,5.922679
501,3,3.075851
501,4,7.259292
502,0,2.196107
502,1,7.584630
502,2,4.891616
502,3,3.525599
502,4,6.234446
503,0,7.663479
503,1,6.223767
503,2,1.800114
503,3,4.768788
503,4,3.145821
504,0,3.550928
504,1,4.849066
504,2,6.189723
504,3,2.119848
504,4,7.746014
505,0,5.503385
505,1,1.388554
505,2,4.037577
505,3,6.858411
505,4,2.711344
506,0,2.770238
506,1,5.633689
506,2,1.423173
506,3,6.991737
506,4,4.169666
507,0,3.000189
507,1,7.198610
507,2,5.814570
507,3,4.352818
507,4,1.657874
508,0,7.302573
508,1,1.495962
508,2,4.255290
508,3,5.840050
508,4,2.900447
509,0,4.532335
509,1,3.212559
509,2,5.900247
509,3,1.716304
509,4,7.342209
510,0,5.555659
510,1,2.835731
510,2,1.511052
510,3,6.957595
510,4,4.226184
511,0,6.076169
511,1,4.731465
511,2,1.985209
511,3,7.786144
511,4,3.391757
512,0,3.294654
512,1,1.963283
512,2,6.214106
512,3,4.768732
512,4,7.728057
513,0,1.387840
513,1,4.082927
513,2,6.938473
513,3,2.721152
513,4,5.507893
514,0,7.167220
514,1,1.367825
514,2,5.656386
514,3,4.177992
514,4,2.793648
515,0,5.835773
515,1,1.812080
515,2,4.493617
515,3,7.337281
515,4,3.181804
516,0,7.085023
516,1,3.026831
516,2,1.484301
516,3,4.376274
516,4,5.722228
517,0,6.285703
517,1,3.410230
517,2,4.890475
517,3,7.621226
517,4,1.996572
518,0,5.366719
518,1,6.838715
518,2,8.167051
518,3,4.015573
518,4,2.665333
519,0,4.509813
519,1,3.093679
519,2,7.564005
519,3,1.730313
519,4,5.987011
520,0,4.370777
520,1,5.837052
520,2,2.965868
520,3,1.640228
520,4,7.277611
521,0,2.116994
521,1,3.496315
521,2,6.364959
521,3,7.708388
521,4,4.954307
522,0,2.815495
522,1,5.692825
522,2,7.147431
522,3,4.289434
522,4,1.461230
523,0,5.877192
523,1,4.505644
523,2,1.773631
523,3,3.100957
523,4,7.256284
524,0,4.706808
524,1,3.297754
524,2,7.526444
524,3,1.845912
524,4,6.176606
525,0,3.139098
525,1,5.873294
525,2,1.737415
525,3,7.227533
525,4,4.554697
526,0,1.503764
526,1,4.254800
526,2,6.966513
526,3,2.902147
526,4,5.586384
527,0,7.788685
527,1,4.953059
527,2,3.517066
527,3,2.171990
527,4,6.329752
528,0,2.852594
528,1,7.114918
528,2,4.223509
528,3,1.512573
528,4,5.628046
529,0,5.759933
529,1,7.132163
529,2,4.339388
529,3,1.548606
529,4,2.993986
530,0,1.513764
530,1,4.262297
530,2,7.254198
530,3,5.754668
530,4,2.951478
531,0,6.876441
531,1,2.703852
531,2,4.008772
531,3,5.447182
531,4,1.376057
532,0,4.394857
532,1,1.548353
532,2,2.958498
532,3,5.840396
532,4,7.219255
533,0,3.053597
533,1,4.416553
533,2,1.598324
533,3,7.320050
533,4,5.807615
534,0,1.785432
534,1,7.286241
534,2,5.798513
534,3,3.130837
534,4,4.457465
535,0,3.105751
535,1,5.889401
535,2,4.564824
535,3,1.654835
535,4,7.735897
536,0,4.446465
536,1,5.897153
536,2,3.078236
536,3,7.228290
536,4,1.718709
537,0,3.377595
537,1,7.451563
537,2,4.808061
537,3,6.130234
537,4,2.006288
538,0,7.830160
538,1,6.310503
538,2,3.377630
538,3,4.799898
538,4,2.010013
539,0,6.527148
539,1,2.344499
539,2,3.680222
539,3,5.039616
539,4,8.008935
540,0,4.164174
540,1,5.506756
540,2,2.751300
540,3,6.924027
540,4,1.421962
541,0,6.943293
541,1,2.861614
541,2,1.486934
541,3,4.209251
541,4,5.607432
542,0,8.039386
542,1,2.142884
542,2,5.104107
542,3,3.593724
542,4,6.551590
543,0,2.999108
543,1,5.761879
543,2,1.646984
543,3,7.279443
543,4,4.366702
544,0,7.471840
544,1,1.894419
544,2,3.243299
544,3,5.991673
544,4,4.611298
545,0,5.632297
545,1,1.469235
545,2,4.189458
545,3,2.825396
545,4,7.036505
546,0,7.242165
546,1,5.781688
546,2,1.616245
546,3,3.068396
546,4,4.449491
547,0,1.813340
547,1,3.175501
547,2,7.556479
547,3,6.215423
547,4,4.653186
548,0,2.947340
548,1,1.598645
548,2,4.417981
548,3,5.758919
548,4,7.200087
549,0,1.432952
549,1,2.796176
549,2,4.228043
549,3,6.913079
549,4,5.556250
550,0,1.535641
550,1,4.290504
550,2,5.608583
550,3,6.953176
550,4,2.895545
551,0,6.139892
551,1,2.037243
551,2,3.431258
551,3,7.462953
551,4,4.791863
552,0,6.973498
552,1,4.106659
552,2,2.670608
552,3,5.545688
552,4,1.344570
553,0,2.893459
553,1,4.446746
553,2,1.392001
553,3,7.138793
553,4,5.785149
554,0,1.738392
554,1,7.368294
554,2,3.245310
554,3,4.598145
554,4,5.950896
555,0,5.848440
555,1,7.205853
555,2,1.510848
555,3,2.951941
555,4,4.393380
556,0,1.623711
556,1,5.772223
556,2,3.021749
556,3,7.229171
556,4,4.415541
557,0,2.994552
557,1,1.641642
557,2,5.743807
557,3,4.381265
557,4,7.132909
558,0,1.860054
558,1,3.283888
558,2,5.945190
558,3,7.476130
558,4,4.596970
559,0,7.301383
559,1,4.628489
559,2,5.989616
559,3,3.202966
559,4,1.795389
560,0,7.578582
560,1,3.371816
560,2,2.015971
560,3,4.794005
560,4,6.182007
561,0,3.087216
561,1,6.056287
561,2,4.574832
561,3,1.736169
561,4,7.401728
562,0,1.707135
562,1,5.857253
562,2,7.209878
562,3,4.458349
562,4,3.054862
563,0,2.242491
563,1,6.581471
563,2,8.079843
563,3,3.586806
563,4,5.068258
564,0,6.840286
564,1,4.170294
564,2,1.445765
564,3,5.496954
564,4,2.823984
565,0,3.067994
565,1,4.467431
565,2,5.897144
565,3,1.632224
565,4,7.249824
566,0,5.675197
566,1,2.861686
566,2,1.512707
566,3,7.077790
566,4,4.265453
567,0,5.776483
567,1,1.584458
567,2,4.439682
567,3,3.012914
567,4,7.266855
568,0,7.311631
568,1,4.388088
568,2,3.012764
568,3,5.835782
568,4,1.623189
569,0,1.480362
569,1,5.814069
569,2,7.195430
569,3,3.030279
569,4,4.478771
570,0,2.960135
570,1,7.007252
570,2,4.305768
570,3,1.489141
570,4,5.633776
571,0,4.357213
571,1,5.825669
571,2,7.327971
571,3,1.629122
571,4,3.009722
572,0,7.692468
572,1,3.315388
572,2,6.266837
572,3,4.740000
572,4,1.871089
573,0,7.500340
573,1,3.055748
573,2,4.522900
573,3,1.599650
573,4,5.855749
574,0,3.292299
574,1,1.782560
574,2,6.023865
574,3,4.655221
574,4,7.419417
575,0,5.184072
575,1,3.798353
575,2,2.384172
575,3,7.991541
575,4,6.574863
576,0,5.035135
576,1,2.270955
576,2,6.525577
576,3,7.855383
576,4,3.683784
577,0,3.096509
577,1,6.081901
577,2,1.742863
577,3,7.531866
577,4,4.666093
578,0,5.764425
578,1,3.040955
578,2,4.337523
578,3,1.673811
578,4,7.166044
579,0,7.483899
579,1,1.966089
579,2,4.697083
579,3,6.143118
579,4,3.327526
580,0,4.652382
580,1,7.542078
580,2,3.316815
580,3,1.979180
580,4,6.144139
581,0,4.382050
581,1,2.883637
581,2,5.889848
581,3,1.476068
581,4,7.194468
582,0,3.122056
582,1,4.475709
582,2,5.965039
582,3,1.722310
582,4,7.333356
583,0,7.297216
583,1,1.422096
583,2,4.249908
583,3,2.783822
583,4,5.684407
584,0,3.242991
584,1,6.103321
584,2,4.697331
584,3,1.808476
584,4,7.456985
585,0,8.125858
585,1,3.844476
585,2,5.322454
585,3,2.462665
585,4,6.699270
586,0,1.418929
586,1,5.945307
586,2,7.355073
586,3,2.900091
586,4,4.360318
587,0,6.216803
587,1,2.096898
587,2,4.809130
587,3,3.445901
587,4,7.598143
588,0,3.056499
588,1,5.846125
588,2,4.428475
588,3,1.640313
588,4,7.240437
589,0,1.380483
589,1,5.709559
589,2,4.220665
589,3,2.755305
589,4,7.134982
590,0,6.502866
590,1,5.076885
590,2,7.880958
590,3,3.726131
590,4,2.309982
591,0,2.766133
591,1,4.171030
591,2,1.427437
591,3,5.731423
591,4,7.203967
592,0,2.988809
592,1,7.238559
592,2,4.423161
592,3,5.851860
592,4,1.551842
593,0,4.949342
593,1,7.741648
593,2,6.284561
593,3,2.154402
593,4,3.502891
594,0,4.367763
594,1,7.204137
594,2,1.470553
594,3,2.901549
594,4,5.835461
595,0,3.545274
595,1,6.240699
595,2,4.898938
595,3,7.633170
595,4,2.156732
596,0,7.189741
596,1,5.686953
596,2,4.317197
596,3,2.938713
596,4,1.462610
597,0,7.381284
597,1,5.936935
597,2,3.103767
597,3,1.509461
597,4,4.507865
598,0,3.198063
598,1,1.842716
598,2,5.940464
598,3,4.565425
598,4,7.426387
599,0,1.921780
599,1,4.681643
599,2,3.326212
599,3,6.224049
599,4,7.727432
600,0,7.552283
600,1,6.218347
600,2,3.540985
600,3,2.125440
600,4,4.881951
601,0,2.858976
601,1,7.151956
601,2,1.546929
601,3,4.199880
601,4,5.723153
602,0,5.440303
602,1,4.101698
602,2,2.774988
602,3,6.828469
602,4,1.354407
603,0,7.080576
603,1,1.493758
603,2,4.225517
603,3,2.880830
603,4,5.701642
604,0,7.996937
604,1,1.823450
604,2,4.820534
604,3,3.215850
604,4,6.489338
605,0,7.047509
605,1,5.597509
605,2,2.818771
605,3,1.335496
605,4,4.201780
606,0,4.213891
606,1,6.921152
606,2,2.866120
606,3,1.403056
606,4,5.560373
607,0,1.498090
607,1,4.273708
607,2,2.943405
607,3,7.173620
607,4,5.738313
608,0,3.334157
608,1,7.669999
608,2,4.810348
608,3,6.230200
608,4,1.994291
609,0,4.251543
609,1,1.463757
609,2,5.581817
609,3,6.925515
609,4,2.915166
610,0,7.299398
610,1,3.016954
610,2,4.416396
610,3,5.759712
610,4,1.556893
611,0,4.482000
611,1,7.319941
611,2,5.882489
611,3,1.513494
611,4,3.054304
612,0,7.181282
612,1,1.426456
612,2,2.828134
612,3,5.754441
612,4,4.354265
613,0,7.756091
613,1,3.629627
613,2,2.249063
613,3,6.417259
613,4,4.983159
614,0,8.034131
614,1,5.111490
614,2,2.301729
614,3,3.754007
614,4,6.494855
615,0,4.326862
615,1,5.653263
615,2,1.555179
615,3,2.966336
615,4,7.040605
616,0,2.966408
616,1,1.490913
616,2,5.838243
616,3,4.449011
616,4,7.182888
617,0,6.397339
617,1,4.415263
617,2,2.848831
617,3,1.382949
617,4,7.784641
618,0,3.738894
618,1,2.386667
618,2,6.775818
618,3,5.168604
618,4,8.143477
619,0,5.665591
619,1,1.427125
619,2,2.836366
619,3,7.004714
619,4,4.342987
620,0,4.370545
620,1,2.843122
620,2,7.036832
620,3,5.692868
620,4,1.402833
621,0,2.973209
621,1,4.357959
621,2,1.519953
621,3,5.775723
621,4,7.136841
622,0,2.864436
622,1,5.765980
622,2,7.081610
622,3,1.510205
622,4,4.264147
623,0,2.958139
623,1,1.607516
623,2,7.316219
623,3,5.738335
623,4,4.351911
624,0,4.921175
624,1,7.617459
624,2,3.336107
624,3,6.241023
624,4,1.806749
625,0,5.717800
625,1,7.065472
625,2,2.779839
625,3,4.250823
625,4,1.325222
626,0,7.514785
626,1,6.168100
626,2,4.794868
626,3,1.979453
626,4,3.403758
627,0,5.688969
627,1,1.544154
627,2,2.977067
627,3,4.333088
627,4,7.066629
628,0,4.412945
628,1,3.079551
628,2,7.208945
628,3,1.703183
628,4,5.837511
629,0,4.533329
629,1,3.207815
629,2,1.772302
629,3,7.246400
629,4,5.894598
630,0,7.311476
630,1,1.532666
630,2,5.776889
630,3,2.918385
630,4,4.263124
631,0,3.046159
631,1,7.107649
631,2,4.377952
631,3,1.562664
631,4,5.740541
632,0,3.209790
632,1,1.792774
632,2,6.028937
632,3,4.665763
632,4,7.364142
633,0,4.284338
633,1,2.895892
633,2,7.121205
633,3,1.452379
633,4,5.654269
634,0,4.272455
634,1,2.944748
634,2,1.602235
634,3,6.959949
634,4,5.614281
635,0,5.870714
635,1,1.423827
635,2,2.840425
635,3,7.450620
635,4,4.369597
636,0,1.640028
636,1,4.455726
636,2,7.271413
636,3,5.852653
636,4,3.040319
637,0,3.369633
637,1,7.510485
637,2,4.725932
637,3,6.130503
637,4,1.984216
638,0,4.497065
638,1,7.295141
638,2,5.831859
638,3,1.648222
638,4,3.056228
639,0,6.493405
639,1,5.030333
639,2,3.628650
639,3,2.162993
639,4,7.852147
640,0,4.187226
640,1,1.422167
640,2,5.521821
640,3,6.955594
640,4,2.782065
641,0,7.356664
641,1,1.631758
641,2,3.091613
641,3,4.535066
641,4,5.926736
642,0,3.539173
642,1,7.940888
642,2,2.141732
642,3,4.895894
642,4,6.418900
643,0,2.008793
643,1,7.766958
643,2,6.325036
643,3,4.901114
643,4,3.522546
644,0,6.082360
644,1,7.428299
644,2,2.954711
644,3,1.459899
644,4,4.533005
645,0,4.288713
645,1,5.785646
645,2,2.964437
645,3,7.241303
645,4,1.620548
646,0,4.166517
646,1,5.576910
646,2,8.432272
646,3,2.789225
646,4,7.054672
647,0,7.149496
647,1,2.902755
647,2,1.517176
647,3,4.442968
647,4,5.814995
648,0,6.167412
648,1,3.369674
648,2,2.000198
648,3,4.700676
648,4,7.687322
649,0,5.700430
649,1,4.197254
649,2,7.045310
649,3,1.445369
649,4,2.813874
650,0,3.395436
650,1,6.119431
650,2,1.952030
650,3,7.526131
650,4,4.751711
651,0,5.928039
651,1,1.446267
651,2,4.383583
651,3,2.787493
651,4,7.447484
652,0,5.201783
652,1,7.962592
652,2,2.369771
652,3,6.546362
652,4,3.773059
653,0,1.620735
653,1,7.622433
653,2,3.034814
653,3,4.502291
653,4,6.148499
654,0,4.380976
654,1,1.680476
654,2,7.407047
654,3,5.948913
654,4,3.019061
655,0,1.477787
655,1,7.204845
655,2,3.003096
655,3,5.869944
655,4,4.454703
656,0,4.366114
656,1,5.830652
656,2,1.704918
656,3,3.037412
656,4,7.183872
657,0,1.679034
657,1,8.645494
657,2,4.674011
657,3,3.020546
657,4,6.586591
658,0,3.398575
658,1,6.201961
658,2,4.813396
658,3,7.625337
658,4,2.001969
659,0,6.128412
659,1,2.005015
659,2,3.421281
659,3,7.463075
659,4,4.790898
660,0,1.676063
660,1,4.437297
660,2,7.218930
660,3,5.848876
660,4,3.076481
661,0,6.438791
661,1,7.801896
661,2,2.124120
661,3,3.559189
661,4,5.093627
662,0,7.063844
662,1,5.602125
662,2,4.131417
662,3,1.421327
662,4,2.789545
663,0,7.272511
663,1,5.946532
663,2,3.177298
663,3,4.525581
663,4,1.741774
664,0,6.018341
664,1,1.649976
664,2,2.993302
664,3,7.394297
664,4,4.354292
665,0,2.258981
665,1,7.810515
665,2,3.679545
665,3,4.997515
665,4,6.368746
666,0,1.966240
666,1,5.448066
666,2,8.228988
666,3,3.476748
666,4,6.892704
667,0,7.093409
667,1,1.617503
667,2,2.963786
667,3,5.655023
667,4,4.357414
668,0,7.295054
668,1,4.511840
668,2,1.692628
668,3,5.893588
668,4,3.098686
669,0,7.319808
669,1,4.521687
669,2,3.097061
669,3,5.939313
669,4,1.670518
670,0,1.540651
670,1,5.663854
670,2,7.016824
670,3,2.917259
670,4,4.237587
671,0,1.526524
671,1,5.753877
671,2,7.112696
671,3,2.849897
671,4,4.374344
672,0,7.646809
672,1,6.214153
672,2,3.319073
672,3,1.949631
672,4,4.801283
673,0,1.456694
673,1,6.925897
673,2,4.208656
673,3,5.569254
673,4,2.781053
674,0,3.170016
674,1,1.828741
674,2,7.564697
674,3,4.568046
674,4,6.167470
675,0,6.976254
675,1,2.781496
675,2,4.144018
675,3,1.438850
675,4,5.558714
676,0,5.474429
676,1,2.750301
676,2,4.086748
676,3,1.360152
676,4,6.852626
677,0,3.089012
677,1,1.756579
677,2,7.231490
677,3,4.431800
677,4,5.809603
678,0,5.708734
678,1,1.409758
678,2,2.879221
678,3,7.130489
678,4,4.243481
679,0,1.538094
679,1,2.987007
679,2,4.310405
679,3,5.761897
679,4,7.232549
680,0,1.410156
680,1,2.861960
680,2,7.074441
680,3,4.201712
680,4,5.648969
681,0,1.614015
681,1,7.435752
681,2,5.960498
681,3,3.021304
681,4,4.413413
682,0,7.831418
682,1,6.414340
682,2,5.063452
682,3,2.286318
682,4,3.708955
683,0,7.837254
683,1,3.621407
683,2,5.141973
683,3,2.113495
683,4,6.477388
684,0,2.851582
684,1,7.249961
684,2,5.818438
684,3,4.245533
684,4,1.424529
685,0,3.122766
685,1,5.914971
685,2,4.457613
685,3,7.250365
685,4,1.774010
686,0,5.708661
686,1,4.371963
686,2,7.096566
686,3,2.903138
686,4,1.434795
687,0,7.326198
687,1,1.542170
687,2,2.951481
687,3,4.400151
687,4,5.748750
688,0,3.011885
688,1,4.389931
688,2,7.118145
688,3,1.554522
688,4,5.738233
689,0,4.805742
689,1,2.107826
689,2,3.456624
689,3,6.260771
689,4,7.747535
690,0,1.595639
690,1,4.428996
690,2,5.774519
690,3,7.210633
690,4,3.012207
691,0,1.465218
691,1,2.831536
691,2,6.902098
691,3,5.527163
691,4,4.174353
692,0,5.882396
692,1,7.280255
692,2,1.720823
692,3,4.475688
692,4,3.116763
693,0,4.201300
693,1,6.929199
693,2,1.456785
693,3,2.855583
693,4,5.556639
694,0,4.591037
694,1,1.414690
694,2,2.857773
694,3,5.941140
694,4,7.286472
695,0,6.953182
695,1,2.911080
695,2,1.588248
695,3,5.596912
695,4,4.250015
696,0,4.937753
696,1,2.152052
696,2,3.601374
696,3,7.701639
696,4,6.281574
697,0,5.621593
697,1,1.576256
697,2,2.911152
697,3,7.074081
697,4,4.250037
698,0,7.191256
698,1,5.745562
698,2,1.561356
698,3,4.321445
698,4,2.966038
699,0,2.869988
699,1,4.317234
699,2,5.653847
699,3,1.534152
699,4,7.128537
700,0,6.369229
700,1,4.916697
700,2,7.759247
700,3,2.062615
700,4,3.531169
701,0,6.112415
701,1,2.023880
701,2,4.706085
701,3,7.459227
701,4,3.356158
702,0,2.445058
702,1,8.089883
702,2,5.233490
702,3,6.682835
702,4,3.772931
703,0,5.004687
703,1,3.391171
703,2,6.489075
703,3,1.881753
703,4,7.787414
704,0,7.684551
704,1,3.305946
704,2,1.901042
704,3,6.155169
704,4,4.724398
705,0,6.078384
705,1,1.804250
705,2,3.215567
705,3,7.436776
705,4,4.623639
706,0,4.524159
706,1,1.777291
706,2,3.101084
706,3,5.983008
706,4,7.450253
707,0,7.459006
707,1,5.945328
707,2,4.506482
707,3,1.745043
707,4,3.110695
708,0,5.988547
708,1,7.390323
708,2,3.166431
708,3,4.577076
708,4,1.750824
709,0,2.768293
709,1,1.391831
709,2,6.988142
709,3,4.275270
709,4,5.634277
710,0,2.845250
710,1,1.363307
710,2,7.026355
710,3,4.222830
710,4,5.555396
711,0,4.315472
711,1,2.978769
711,2,1.660278
711,3,6.993983
711,4,5.670004
712,0,4.314584
712,1,2.968127
712,2,1.637985
712,3,6.957144
712,4,5.636686
713,0,3.511641
713,1,6.272304
713,2,2.073907
713,3,7.681803
713,4,4.844015
714,0,1.782665
714,1,7.354277
714,2,4.677735
714,3,3.243383
714,4,6.002570
715,0,2.060440
715,1,3.459341
715,2,4.991251
715,3,7.805470
715,4,6.345311
716,0,4.387286
716,1,1.639956
716,2,7.310104
716,3,3.005921
716,4,5.949678
717,0,3.050615
717,1,7.104197
717,2,4.402213
717,3,5.758810
717,4,1.571499
718,0,6.237674
718,1,4.773152
718,2,1.922782
718,3,7.555393
718,4,3.283078
719,0,3.513045
719,1,7.834161
719,2,4.931826
719,3,6.315455
719,4,1.987762
720,0,7.144078
720,1,3.096084
720,2,4.441051
720,3,5.787423
720,4,1.664564
721,0,4.616525
721,1,7.326751
721,2,5.982562
721,3,3.147949
721,4,1.599787
722,0,2.973697
722,1,5.891889
722,2,7.235992
722,3,4.344289
722,4,1.536150
723,0,4.834587
723,1,7.541256
723,2,2.014142
723,3,3.493671
723,4,6.158572
724,0,3.162979
724,1,4.503016
724,2,1.732589
724,3,5.863722
724,4,7.308075
725,0,4.620730
725,1,3.192817
725,2,6.168966
725,3,7.494021
725,4,1.780276
726,0,5.916122
726,1,1.727290
726,2,7.274526
726,3,3.041537
726,4,4.517356
727,0,6.072395
727,1,4.710094
727,2,3.343584
727,3,1.833685
727,4,7.419124
728,0,4.478564
728,1,1.817402
728,2,3.134528
728,3,7.329012
728,4,5.958869
729,0,1.930803
729,1,7.705181
729,2,3.495034
729,3,6.271942
729,4,4.922248
730,0,1.594382
730,1,2.948659
730,2,5.850903
730,3,4.440463
730,4,7.310538
731,0,1.433784
731,1,4.106289
731,2,2.765377
731,3,5.555623
731,4,7.223948
732,0,6.166945
732,1,1.937172
732,2,4.791638
732,3,3.295655
732,4,7.496924
733,0,4.420794
733,1,7.106076
733,2,5.742374
733,3,1.574649
733,4,3.019077
734,0,3.802253
734,1,7.953293
734,2,5.177910
734,3,6.576313
734,4,2.039188
735,0,5.965446
735,1,7.327251
735,2,4.471866
735,3,3.142770
735,4,1.736041
736,0,2.949926
736,1,4.399627
736,2,1.500355
736,3,5.742545
736,4,7.085368
737,0,2.116202
737,1,6.639932
737,2,3.816755
737,3,5.299963
737,4,8.003145
738,0,7.189471
738,1,3.090251
738,2,1.710400
738,3,5.735875
738,4,4.433073
739,0,2.928310
739,1,7.007008
739,2,4.316835
739,3,5.663833
739,4,1.528655
740,0,3.065147
740,1,5.899489
740,2,7.248779
740,3,1.538888
740,4,4.422720
741,0,5.725864
741,1,2.835421
741,2,7.268736
741,3,4.360115
741,4,1.459913
742,0,7.232976
742,1,3.244934
742,2,1.785116
742,3,5.887521
742,4,4.575127
743,0,5.827038
743,1,7.274281
743,2,1.627278
743,3,4.448546
743,4,3.059968
744,0,1.877947
744,1,7.622000
744,2,3.194240
744,3,6.167537
744,4,4.683772
745,0,4.825493
745,1,7.501181
745,2,6.139064
745,3,3.442764
745,4,2.113742
746,0,7.926104
746,1,3.781368
746,2,5.126450
746,3,2.322473
746,4,6.446671
747,0,1.752014
747,1,3.217306
747,2,7.365969
747,3,6.033000
747,4,4.672096
748,0,4.388906
748,1,7.227941
748,2,5.809185
748,3,2.963065
748,4,1.623546
749,0,2.821449
749,1,4.342881
749,2,1.470616
749,3,5.824737
749,4,7.163714
750,0,4.159581
750,1,6.859843
750,2,1.441758
750,3,5.495027
750,4,2.818410
751,0,7.598678
751,1,2.019439
751,2,4.792580
751,3,3.391347
751,4,6.231502
752,0,3.307217
752,1,1.694205
752,2,7.396349
752,3,4.649435
752,4,5.973458
753,0,1.550850
753,1,3.010191
753,2,4.433634
753,3,5.890202
753,4,7.376306
754,0,3.430409
754,1,6.284938
754,2,7.615041
754,3,4.790971
754,4,2.018428
755,0,7.709450
755,1,6.193917
755,2,3.418885
755,3,1.456273
755,4,4.824335
756,0,7.082191
756,1,4.231005
756,2,1.556812
756,3,5.663287
756,4,2.901316
757,0,6.976186
757,1,2.817752
757,2,5.644309
757,3,1.456101
757,4,4.284463
758,0,2.816363
758,1,1.424445
758,2,4.251241
758,3,5.700731
758,4,7.089655
759,0,2.120277
759,1,3.426634
759,2,4.904059
759,3,7.649198
759,4,6.294356
760,0,5.909906
760,1,3.046230
760,2,1.456674
760,3,7.339077
760,4,4.500842
761,0,5.654553
761,1,6.994786
761,2,1.464279
761,3,4.205223
761,4,2.824744
762,0,2.606747
762,1,4.020780
762,2,8.213908
762,3,6.810306
762,4,5.363373
763,0,3.556781
763,1,4.945900
763,2,7.778600
763,3,6.441710
763,4,2.170072
764,0,7.937057
764,1,6.025032
764,2,1.679593
764,3,3.085687
764,4,4.485559
765,0,4.335396
765,1,2.981681
765,2,1.618791
765,3,7.141305
765,4,5.799999
766,0,4.358975
766,1,1.570556
766,2,2.959718
766,3,7.089748
766,4,5.737517
767,0,3.180445
767,1,1.660013
767,2,7.306139
767,3,4.565800
767,4,5.983731
768,0,7.482142
768,1,4.775400
768,2,3.324583
768,3,6.112282
768,4,1.540685
769,0,1.608365
769,1,2.960187
769,2,4.404311
769,3,7.052879
769,4,5.717227
770,0,4.334927
770,1,5.659882
770,2,1.573913
770,3,3.013622
770,4,7.029490
771,0,5.869677
771,1,1.559794
771,2,4.477778
771,3,7.263639
771,4,3.020510
772,0,1.695735
772,1,3.086450
772,2,5.802166
772,3,4.428335
772,4,7.239921
773,0,7.115062
773,1,5.725391
773,2,4.363599
773,3,1.636267
773,4,3.032332
774,0,5.694093
774,1,4.235559
774,2,2.889103
774,3,7.039468
774,4,1.472133
775,0,4.871149
775,1,7.568409
775,2,6.210875
775,3,2.073120
775,4,3.499550
776,0,3.070576
776,1,1.726717
776,2,4.395756
776,3,7.185189
776,4,5.768530
777,0,1.566257
777,1,4.408839
777,2,5.744606
777,3,7.243479
777,4,2.938001
778,0,5.770655
778,1,4.374105
778,2,7.249014
778,3,3.021121
778,4,1.597994
779,0,5.685026
779,1,7.158986
779,2,2.837737
779,3,1.445846
779,4,4.261812
780,0,7.012301
780,1,4.293157
780,2,5.626211
780,3,1.390616
780,4,2.938393
781,0,1.890994
781,1,7.424064
781,2,4.655951
781,3,3.263541
781,4,6.010164
782,0,4.326184
782,1,7.197133
782,2,2.930063
782,3,1.590130
782,4,5.771841
783,0,7.781982
783,1,4.882674
783,2,3.540449
783,3,2.132285
783,4,6.398580
784,0,2.495525
784,1,3.968711
784,2,8.118827
784,3,5.422568
784,4,6.761808
785,0,3.717556
785,1,2.358505
785,2,7.833092
785,3,5.083675
785,4,6.487976
786,0,3.085609
786,1,4.473294
786,2,7.255805
786,3,1.532465
786,4,5.931714
787,0,1.509604
787,1,2.979135
787,2,5.782019
787,3,7.122876
787,4,4.380388
788,0,5.934764
788,1,7.284410
788,2,4.584051
788,3,3.166712
788,4,1.815245
789,0,2.873103
789,1,1.505781
789,2,7.096023
789,3,4.232496
789,4,5.667568
790,0,7.211529
790,1,1.642422
790,2,2.958840
790,3,4.370530
790,4,5.831072
791,0,7.382394
791,1,4.659699
791,2,1.791527
791,3,3.296396
791,4,6.053851
792,0,5.152559
792,1,3.804784
792,2,7.994982
792,3,6.559948
792,4,2.474277
793,0,3.745946
793,1,6.427593
793,2,7.816774
793,3,2.404999
793,4,5.114801
794,0,2.833023
794,1,1.443187
794,2,6.901221
794,3,4.220987
794,4,5.559305
795,0,5.709546
795,1,4.386074
795,2,2.945361
795,3,7.032439
795,4,1.388979
796,0,7.483581
796,1,5.991139
796,2,3.185215
796,3,1.672338
796,4,4.626667
797,0,3.335946
797,1,6.152995
797,2,4.720370
797,3,1.580397
797,4,7.596746
798,0,1.564923
798,1,2.980300
798,2,5.904457
798,3,4.448691
798,4,7.242750
799,0,5.979645
799,1,4.524773
799,2,7.442507
799,3,3.089472
799,4,1.624181
800,0,4.358648
800,1,2.884948
800,2,5.759890
800,3,7.103928
800,4,1.446296
801,0,5.881440
801,1,1.820123
801,2,4.524030
801,3,3.177892
801,4,7.327760
802,0,7.772739
802,1,4.953774
802,2,3.527047
802,3,2.210278
802,4,6.320144
803,0,6.943514
803,1,4.256828
803,2,5.580235
803,3,2.907198
803,4,1.465873
804,0,3.567078
804,1,2.121867
804,2,7.898541
804,3,6.468196
804,4,4.969414
805,0,5.848451
805,1,1.586732
805,2,3.136339
805,3,7.299585
805,4,4.493987
806,0,3.283331
806,1,7.340593
806,2,6.005352
806,3,1.874444
806,4,4.610979
807,0,3.027543
807,1,5.864276
807,2,1.608240
807,3,7.219155
807,4,4.382869
808,0,8.053462
808,1,3.784220
808,2,5.216548
808,3,2.427084
808,4,6.533461
809,0,4.534802
809,1,1.765592
809,2,7.394542
809,3,3.192430
809,4,5.993509
810,0,4.218821
810,1,2.765561
810,2,1.402756
810,3,5.574518
810,4,7.045196
811,0,3.208531
811,1,4.577388
811,2,1.872079
811,3,7.254891
811,4,5.924224
812,0,4.068181
812,1,1.374650
812,2,6.854752
812,3,5.425028
812,4,2.711770
813,0,3.080219
813,1,7.867931
813,2,6.023311
813,3,4.568479
813,4,1.697041
814,0,7.514947
814,1,4.737953
814,2,6.133456
814,3,3.189258
814,4,1.836105
815,0,7.028218
815,1,1.420835
815,2,2.853612
815,3,5.662539
815,4,4.271260
816,0,4.971732
816,1,3.445871
816,2,2.085246
816,3,6.339634
816,4,7.782260
817,0,6.289671
817,1,1.622133
817,2,4.915241
817,3,3.298233
817,4,7.711333
818,0,4.078604
818,1,5.421751
818,2,2.716709
818,3,6.755493
818,4,1.368185
819,0,1.896612
819,1,3.377147
819,2,7.475731
819,3,6.153811
819,4,4.827425
820,0,4.314857
820,1,7.091808
820,2,5.691110
820,3,2.964577
820,4,1.545294
821,0,1.543471
821,1,2.945710
821,2,7.337627
821,3,5.818205
821,4,4.300300
822,0,5.604680
822,1,2.879570
822,2,4.264594
822,3,1.549376
822,4,7.019890
823,0,4.870379
823,1,6.334068
823,2,3.406991
823,3,2.064248
823,4,7.667813
824,0,2.715130
824,1,1.379060
824,2,5.417477
824,3,4.071922
824,4,6.796102
825,0,5.996271
825,1,7.427798
825,2,4.639777
825,3,3.125064
825,4,1.537640
826,0,4.525597
826,1,3.073354
826,2,7.458276
826,3,5.987938
826,4,1.611907
827,0,4.545935
827,1,6.000937
827,2,1.631216
827,3,3.047763
827,4,7.359351
828,0,6.979452
828,1,5.548247
828,2,4.165965
828,3,1.447958
828,4,2.833246
829,0,7.294202
829,1,5.828432
829,2,2.947334
829,3,4.364458
829,4,1.603370
830,0,1.983254
830,1,3.384709
830,2,6.222497
830,3,4.799262
830,4,7.664122
831,0,7.304197
831,1,1.475080
831,2,2.809320
831,3,4.262022
831,4,5.642853
832,0,5.380605
832,1,6.717157
832,2,2.679070
832,3,1.361384
832,4,4.060212
833,0,4.347551
833,1,5.717601
833,2,2.858927
833,3,1.439599
833,4,7.086746
834,0,6.042694
834,1,1.608450
834,2,7.481336
834,3,4.451763
834,4,2.908442
835,0,1.583201
835,1,7.422460
835,2,3.287394
835,3,4.705008
835,4,6.065829
836,0,7.393336
836,1,4.715229
836,2,3.324732
836,3,6.050408
836,4,1.970651
837,0,3.023567
837,1,5.737372
837,2,4.374438
837,3,8.483741
837,4,7.071860
838,0,4.489444
838,1,1.665207
838,2,3.059047
838,3,7.333241
838,4,5.895776
839,0,6.554106
839,1,5.134446
839,2,3.699474
839,3,8.069991
839,4,2.299014
840,0,7.496154
840,1,6.091738
840,2,3.265899
840,3,1.850808
840,4,4.649388
841,0,1.484587
841,1,6.985611
841,2,4.215376
841,3,5.592973
841,4,2.851335
842,0,6.351945
842,1,4.809561
842,2,7.679185
842,3,1.958459
842,4,3.446434
843,0,1.479203
843,1,6.995852
843,2,2.899730
843,3,4.309172
843,4,5.642232
844,0,2.822657
844,1,1.438614
844,2,5.790235
844,3,4.291647
844,4,7.331168
845,0,7.299236
845,1,8.634490
845,2,4.518452
845,3,3.121556
845,4,5.861689
846,0,7.920547
846,1,2.180391
846,2,3.571522
846,3,4.999794
846,4,6.335946
847,0,3.172245
847,1,7.606609
847,2,1.814530
847,3,4.659008
847,4,6.189341
848,0,4.499093
848,1,1.676997
848,2,7.204054
848,3,5.818000
848,4,3.178276
849,0,4.150980
849,1,2.759236
849,2,7.052055
849,3,1.410232
849,4,5.686346
850,0,6.093303
850,1,3.377086
850,2,7.476271
850,3,4.753223
850,4,1.996391
851,0,3.539015
851,1,6.225773
851,2,7.612289
851,3,4.891164
851,4,2.091158
852,0,3.510241
852,1,4.882833
852,2,2.067394
852,3,7.795439
852,4,6.366474
853,0,5.757128
853,1,1.472077
853,2,7.148227
853,3,4.281740
853,4,2.840466
854,0,2.747375
854,1,7.039300
854,2,5.532987
854,3,4.183119
854,4,1.357217
855,0,1.665226
855,1,4.565335
855,2,5.917333
855,3,3.205733
855,4,7.359793
856,0,7.156156
856,1,5.803469
856,2,1.628604
856,3,4.426950
856,4,3.066519
857,0,1.357373
857,1,4.255059
857,2,2.715319
857,3,5.731497
857,4,7.096498
858,0,4.705721
858,1,6.055545
858,2,1.918782
858,3,7.394936
858,4,3.267905
859,0,1.788477
859,1,5.842978
859,2,4.513457
859,3,3.121975
859,4,7.247446
860,0,1.826184
860,1,7.439630
860,2,3.202958
860,3,6.043968
860,4,4.668718
861,0,1.606397
861,1,2.989634
861,2,5.829328
861,3,4.385992
861,4,7.272850
862,0,4.368371
862,1,2.926330
862,2,1.473114
862,3,5.912702
862,4,7.302544
863,0,5.773397
863,1,1.375307
863,2,2.769613
863,3,7.154134
863,4,4.273676
864,0,4.577263
864,1,3.180213
864,2,7.267539
864,3,1.696428
864,4,5.928528
865,0,4.323701
865,1,1.549889
865,2,7.107328
865,3,2.910532
865,4,5.768725
866,0,1.809404
866,1,6.103640
866,2,7.527667
866,3,4.759460
866,4,3.326127
867,0,4.114782
867,1,2.749290
867,2,1.340051
867,3,6.945306
867,4,5.552913
868,0,2.963770
868,1,4.455341
868,2,1.499704
868,3,7.288229
868,4,5.942554
869,0,4.220751
869,1,2.872727
869,2,7.000104
869,3,1.539221
869,4,5.581456
870,0,7.174744
870,1,1.559896
870,2,4.337076
870,3,5.697369
870,4,2.988003
871,0,4.842854
871,1,1.541517
871,2,7.556772
871,3,6.199977
871,4,3.294425
872,0,2.405315
872,1,7.878531
872,2,3.774816
872,3,5.142880
872,4,6.519771
873,0,2.138881
873,1,4.950072
873,2,3.553530
873,3,7.819604
873,4,6.394278
874,0,1.997805
874,1,7.567735
874,2,4.774528
874,3,3.373386
874,4,6.105896
875,0,6.942050
875,1,4.082902
875,2,5.471061
875,3,1.377618
875,4,2.731723
876,0,7.103254
876,1,5.677692
876,2,1.446286
876,3,4.324311
876,4,2.856979
877,0,2.013691
877,1,4.924868
877,2,7.862859
877,3,3.511134
877,4,6.422521
878,0,4.261450
878,1,7.123657
878,2,5.710286
878,3,2.884878
878,4,1.530288
879,0,1.486341
879,1,5.883188
879,2,7.226963
879,3,4.526252
879,4,3.031215
880,0,5.650200
880,1,2.862652
880,2,4.253796
880,3,6.988597
880,4,1.459462
881,0,4.507419
881,1,5.857267
881,2,7.322636
881,3,2.997562
881,4,1.599949
882,0,3.219600
882,1,1.773521
882,2,4.611636
882,3,6.202010
882,4,7.578413
883,0,3.181488
883,1,1.736705
883,2,4.607542
883,3,6.018573
883,4,7.495600
884,0,4.366012
884,1,1.598222
884,2,7.164388
884,3,3.007060
884,4,5.749159
885,0,3.244353
885,1,1.865828
885,2,7.406058
885,3,6.026906
885,4,4.603646
886,0,1.350407
886,1,4.215716
886,2,5.577305
886,3,2.815260
886,4,6.918649
887,0,5.696319
887,1,4.176785
887,2,2.837690
887,3,1.387414
887,4,7.178512
888,0,7.997673
888,1,6.196057
888,2,4.716721
888,3,1.997942
888,4,3.317899
889,0,1.789677
889,1,4.475170
889,2,7.174025
889,3,3.153565
889,4,5.808140
890,0,8.236663
890,1,1.680728
890,2,3.191384
890,3,4.672222
890,4,6.772082
891,0,5.023298
891,1,7.816687
891,2,2.209141
891,3,3.653226
891,4,6.433500
892,0,1.830418
892,1,3.169287
892,2,7.382334
892,3,5.985992
892,4,4.567317
893,0,4.934308
893,1,6.365656
893,2,7.704228
893,3,3.156488
893,4,1.831691
894,0,1.342591
894,1,2.710217
894,2,6.780480
894,3,4.080072
894,4,5.425016
895,0,6.011029
895,1,3.275092
895,2,1.934098
895,3,7.394497
895,4,4.652235
896,0,1.807336
896,1,5.858134
896,2,3.181611
896,3,7.292343
896,4,4.510611
897,0,4.385884
897,1,5.723564
897,2,2.940527
897,3,1.441494
897,4,7.079706
898,0,5.528617
898,1,1.385346
898,2,4.158725
898,3,6.871634
898,4,2.831474
899,0,7.606464
899,1,4.810687
899,2,6.149280
899,3,3.390004
899,4,1.980774
900,0,7.956761
900,1,5.046029
900,2,6.530200
900,3,3.674255
900,4,2.162420
901,0,1.413698
901,1,5.557638
901,2,2.760286
901,3,4.123558
901,4,6.934647
902,0,2.110973
902,1,6.245892
902,2,7.642363
902,3,4.870401
902,4,3.493528
903,0,4.283988
903,1,1.493874
903,2,6.940861
903,3,2.940431
903,4,5.612332
904,0,4.802416
904,1,2.014796
904,2,6.144483
904,3,7.487490
904,4,3.425087
905,0,2.803791
905,1,6.924468
905,2,8.430442
905,3,5.589656
905,4,4.218213
906,0,3.359831
906,1,6.155601
906,2,4.815997
906,3,7.476419
906,4,1.660364
907,0,4.411250
907,1,3.088419
907,2,7.095475
907,3,5.731889
907,4,1.628586
908,0,5.924835
908,1,1.870517
908,2,3.236202
908,3,4.586658
908,4,7.274523
909,0,4.404564
909,1,3.067549
909,2,5.717232
909,3,7.184595
909,4,1.597482
910,0,6.167364
910,1,7.515347
910,2,4.745510
910,3,1.808979
910,4,3.265480
911,0,4.675163
911,1,7.410118
911,2,6.016616
911,3,1.614286
911,4,3.061554
912,0,6.005193
912,1,1.888843
912,2,3.242715
912,3,4.631970
912,4,7.331236
913,0,1.484485
913,1,7.016561
913,2,4.268534
913,3,5.631024
913,4,2.804653
914,0,3.036789
914,1,4.448652
914,2,7.402199
914,3,5.866797
914,4,1.402624
915,0,4.888243
915,1,6.269220
915,2,2.121858
915,3,3.533841
915,4,7.729896
916,0,2.850576
916,1,5.512529
916,2,6.924294
916,3,4.182153
916,4,1.454963
917,0,7.322970
917,1,2.962106
917,2,1.480927
917,3,4.432621
917,4,5.905056
918,0,4.577404
918,1,3.162220
918,2,6.034312
918,3,1.750101
918,4,7.466890
919,0,6.089084
919,1,1.540462
919,2,7.502584
919,3,3.008989
919,4,4.437652
920,0,4.481684
920,1,1.725820
920,2,3.057141
920,3,7.339591
920,4,5.932891
921,0,4.277974
921,1,6.961224
921,2,5.595452
921,3,2.881591
921,4,1.553516
922,0,7.975101
922,1,5.153941
922,2,2.497063
922,3,6.643743
922,4,3.832802
923,0,4.567358
923,1,3.251292
923,2,5.969253
923,3,1.750107
923,4,7.412918
924,0,7.348807
924,1,4.531230
924,2,2.972187
924,3,1.500389
924,4,5.938786
925,0,7.016226
925,1,2.921710
925,2,5.620572
925,3,1.533294
925,4,4.262665
926,0,1.588056
926,1,2.927979
926,2,5.659927
926,3,7.155261
926,4,4.319932
927,0,5.563684
927,1,2.925661
927,2,1.502327
927,3,6.939840
927,4,4.252529
928,0,6.957025
928,1,1.469741
928,2,5.542444
928,3,4.145347
928,4,2.776821
929,0,4.479972
929,1,7.191922
929,2,1.668377
929,3,3.098112
929,4,5.842804
930,0,2.899341
930,1,1.475820
930,2,6.976461
930,3,5.620518
930,4,4.233335
931,0,6.240947
931,1,3.412601
931,2,7.664722
931,3,2.045358
931,4,4.828689
932,0,1.739702
932,1,3.101383
932,2,5.853980
932,3,7.290652
932,4,4.463559
933,0,6.216816
933,1,1.761198
933,2,3.207290
933,3,4.581645
933,4,7.628857
934,0,2.910819
934,1,5.687818
934,2,4.261195
934,3,1.508180
934,4,7.102495
935,0,3.209679
935,1,5.916101
935,2,4.540708
935,3,7.425764
935,4,1.865124
936,0,4.404627
936,1,2.942289
936,2,1.497300
936,3,7.094380
936,4,5.749756
937,0,3.034893
937,1,7.500528
937,2,4.580769
937,3,1.588539
937,4,6.073246
938,0,1.626436
938,1,5.721011
938,2,7.116059
938,3,4.413812
938,4,3.024279
939,0,1.886073
939,1,7.597895
939,2,4.817402
939,3,6.256508
939,4,3.448882
940,0,5.837919
940,1,7.263105
940,2,4.442213
940,3,1.700050
940,4,3.029675
941,0,7.731794
941,1,3.502149
941,2,6.377722
941,3,4.907688
941,4,2.109148
942,0,3.415951
942,1,6.225691
942,2,7.580694
942,3,1.814550
942,4,4.884161
943,0,7.099384
943,1,5.672738
943,2,1.544067
943,3,4.316303
943,4,2.974460
944,0,5.037450
944,1,3.667742
944,2,6.404739
944,3,7.933004
944,4,2.197194
945,0,7.292022
945,1,5.748235
945,2,4.293414
945,3,2.866852
945,4,1.457579
946,0,4.866821
946,1,1.945743
946,2,3.373610
946,3,7.600961
946,4,6.269275
947,0,7.088857
947,1,4.386509
947,2,5.721228
947,3,1.674568
947,4,3.042276
948,0,4.442546
948,1,1.706059
948,2,7.354715
948,3,3.063500
948,4,5.842872
949,0,4.679804
949,1,1.879968
949,2,7.490359
949,3,6.146958
949,4,3.285793
950,0,7.419718
950,1,2.750142
950,2,1.397287
950,3,6.066110
950,4,4.697915
951,0,4.250064
951,1,1.454499
951,2,5.592882
951,3,2.800445
951,4,6.917660
952,0,1.722159
952,1,7.202785
952,2,3.056215
952,3,5.838752
952,4,4.489249
953,0,5.559957
953,1,4.121684
953,2,2.729464
953,3,6.979517
953,4,1.373327
954,0,2.902169
954,1,5.870064
954,2,4.376324
954,3,1.486818
954,4,7.325128
955,0,3.662071
955,1,7.768171
955,2,5.013173
955,3,2.100497
955,4,6.352302
956,0,6.879309
956,1,5.521952
956,2,2.848946
956,3,4.185945
956,4,1.449204
957,0,6.077586
957,1,3.338186
957,2,1.948027
957,3,4.685066
957,4,7.504888
958,0,3.298804
958,1,5.993965
958,2,7.328753
958,3,1.864552
958,4,4.630650
959,0,3.078021
959,1,1.727204
959,2,7.171948
959,3,4.463002
959,4,5.803608
960,0,6.976904
960,1,4.204380
960,2,2.784111
960,3,1.363487
960,4,5.655476
961,0,5.695386
961,1,7.041510
961,2,2.940762
961,3,4.289348
961,4,1.517769
962,0,3.340496
962,1,7.516119
962,2,4.676157
962,3,1.940091
962,4,6.089844
963,0,6.431431
963,1,3.137977
963,2,4.632597
963,3,7.885854
963,4,1.612866
964,0,4.375298
964,1,2.982410
964,2,1.603893
964,3,5.815451
964,4,7.289828
965,0,6.086092
965,1,3.190107
965,2,7.523969
965,3,1.869149
965,4,4.629648
966,0,7.115604
966,1,5.771110
966,2,4.418266
966,3,1.698663
966,4,3.095626
967,0,4.291217
967,1,7.036377
967,2,5.700398
967,3,2.893903
967,4,1.582403
968,0,8.020483
968,1,5.278033
968,2,2.249443
968,3,3.730195
968,4,6.680627
969,0,5.842835
969,1,1.633286
969,2,2.944025
969,3,7.277323
969,4,4.404285
970,0,4.347561
970,1,7.039198
970,2,5.692135
970,3,1.532251
970,4,2.895075
971,0,5.908175
971,1,3.054751
971,2,1.683533
971,3,4.557446
971,4,7.259586
972,0,5.654496
972,1,4.306921
972,2,1.577195
972,3,2.974170
972,4,7.024254
973,0,3.594010
973,1,6.748447
973,2,5.231184
973,3,1.988699
973,4,8.064227
974,0,3.366299
974,1,7.519190
974,2,2.043037
974,3,6.157452
974,4,4.835038
975,0,4.319268
975,1,1.601013
975,2,5.673797
975,3,7.102016
975,4,2.973814
976,0,3.966072
976,1,6.652379
976,2,8.132354
976,3,2.492738
976,4,5.312228
977,0,1.774689
977,1,3.190001
977,2,4.643767
977,3,7.475548
977,4,6.070098
978,0,3.068638
978,1,1.643115
978,2,5.919839
978,3,7.324029
978,4,4.476256
979,0,7.085908
979,1,1.364677
979,2,2.703490
979,3,4.131194
979,4,5.549251
980,0,3.826902
980,1,5.202909
980,2,6.641763
980,3,2.372705
980,4,7.980418
981,0,1.386688
981,1,7.048254
981,2,5.701189
981,3,4.197977
981,4,2.789328
982,0,4.288921
982,1,7.284098
982,2,1.387760
982,3,5.698050
982,4,2.790575
983,0,4.605406
983,1,7.297918
983,2,5.946560
983,3,1.918607
983,4,3.254593
984,0,2.981148
984,1,7.228523
984,2,1.660203
984,3,4.394837
984,4,5.764739
985,0,2.041137
985,1,6.311910
985,2,4.838820
985,3,3.410874
985,4,8.056369
986,0,2.992198
986,1,7.215841
986,2,4.352093
986,3,1.579412
986,4,5.746559
987,0,3.103832
987,1,4.454452
987,2,5.827493
987,3,7.229459
987,4,1.678103
988,0,6.948083
988,1,2.631558
988,2,8.300155
988,3,5.550343
988,4,4.075218
989,0,1.646748
989,1,2.998275
989,2,4.509509
989,3,5.928337
989,4,7.283337
990,0,3.108142
990,1,4.546207
990,2,1.602037
990,3,7.393842
990,4,5.935457
991,0,3.034443
991,1,4.367426
991,2,1.605844
991,3,7.067487
991,4,5.735129
992,0,4.332740
992,1,5.775336
992,2,2.919238
992,3,1.531460
992,4,7.193459
993,0,1.478814
993,1,7.267476
993,2,3.134753
993,3,4.490828
993,4,5.925427
994,0,3.126864
994,1,1.742320
994,2,4.621334
994,3,7.805404
994,4,6.388816
995,0,2.845415
995,1,7.053189
995,2,5.718049
995,3,4.366621
995,4,1.473071
996,0,4.230330
996,1,2.816992
996,2,5.575426
996,3,7.031736
996,4,1.405608
997,0,1.461873
997,1,6.905669
997,2,2.882043
997,3,5.559640
997,4,4.217984
998,0,6.742949
998,1,4.032877
998,2,5.370555
998,3,1.343440
998,4,2.672583
999,0,1.486182
999,1,5.650323
999,2,4.315689
999,3,6.990233
999,4,2.956641
