Round,ClientIndex,ExecutionTimeSeconds
0,0,5.781259
0,1,21.989899
0,2,35.199450
0,3,16.173915
0,4,39.997323
1,0,19.764863
1,1,43.533810
1,2,37.763809
1,3,4.504520
1,4,24.564774
2,0,40.680535
2,1,34.858791
2,2,45.492233
2,3,19.416070
2,4,6.392330
3,0,13.170980
3,1,5.452646
3,2,27.992326
3,3,22.195636
3,4,17.392553
4,0,25.771261
4,1,36.174307
4,2,40.928609
4,3,20.095041
4,4,4.778280
5,0,23.441330
5,1,15.678410
5,2,42.380681
5,3,36.595604
5,4,11.407375
6,0,39.512588
6,1,13.278246
6,2,34.741078
6,3,21.644499
6,4,9.065666
7,0,36.827490
7,1,23.679165
7,2,45.864192
7,3,15.305033
7,4,11.058348
8,0,46.965061
8,1,33.771616
8,2,54.769942
8,3,18.373286
8,4,10.061627
9,0,27.608169
9,1,8.588304
9,2,43.137827
9,3,38.053315
9,4,21.798408
10,0,22.646569
10,1,17.628639
10,2,41.253727
10,3,4.418473
10,4,30.923211
11,0,21.414612
11,1,37.777813
11,2,27.261909
11,3,12.904317
11,4,5.141556
12,0,32.814834
12,1,14.654836
12,2,41.812021
12,3,8.867554
12,4,27.792713
13,0,46.765399
13,1,24.454113
13,2,4.231748
13,3,19.641065
13,4,33.601735
14,0,46.467207
14,1,20.945774
14,2,36.444271
14,3,7.758536
14,4,42.241327
15,0,12.599687
15,1,35.773915
15,2,7.827368
15,3,26.729504
15,4,20.961055
16,0,8.668751
16,1,20.611826
16,2,26.453287
16,3,16.394117
16,4,36.932944
17,0,7.761328
17,1,37.141188
17,2,27.254096
17,3,16.803466
17,4,32.968385
18,0,46.961439
18,1,15.793928
18,2,42.179546
18,3,23.504429
18,4,33.902822
19,0,34.355686
19,1,26.672536
19,2,42.638230
19,3,47.663720
19,4,16.200900
20,0,18.296162
20,1,27.643738
20,2,10.600667
20,3,22.515711
20,4,5.846537
21,0,14.195606
21,1,9.991277
21,2,24.568285
21,3,38.317932
21,4,32.356050
22,0,33.221067
22,1,46.232519
22,2,28.230890
22,3,24.025506
22,4,8.683372
23,0,28.454130
23,1,8.717986
23,2,19.231530
23,3,23.417607
23,4,13.509593
24,0,22.215028
24,1,44.959568
24,2,13.266474
24,3,49.098136
24,4,29.888621
25,0,39.619116
25,1,52.615722
25,2,20.276277
25,3,5.123054
25,4,29.217868
26,0,41.303764
26,1,32.363987
26,2,15.230695
26,3,51.617810
26,4,28.179427
27,0,32.420390
27,1,17.934375
27,2,47.543789
27,3,10.345893
27,4,26.822113
28,0,5.142868
28,1,44.845804
28,2,34.636498
28,3,19.367636
28,4,11.056876
29,0,43.276167
29,1,16.286899
29,2,34.389184
29,3,26.108507
29,4,21.976475
30,0,5.394480
30,1,43.667478
30,2,28.751177
30,3,38.962124
30,4,20.530171
31,0,30.257308
31,1,12.965864
31,2,25.307873
31,3,40.517441
31,4,17.124903
32,0,10.860101
32,1,16.569451
32,2,34.635178
32,3,25.488262
32,4,30.461552
33,0,41.856485
33,1,11.769663
33,2,33.623393
33,3,20.671989
33,4,6.048478
34,0,5.741366
34,1,13.957463
34,2,29.013618
34,3,24.260206
34,4,33.167953
35,0,31.659786
35,1,53.521196
35,2,10.869109
35,3,40.499219
35,4,16.520501
36,0,8.935488
36,1,17.847687
36,2,31.312397
36,3,25.521974
36,4,13.131448
37,0,25.585188
37,1,17.321910
37,2,4.944411
37,3,12.585531
37,4,40.905279
38,0,46.811400
38,1,36.442269
38,2,27.506317
38,3,13.489054
38,4,19.242100
39,0,4.246063
39,1,17.245629
39,2,42.225405
39,3,33.222825
39,4,24.921961
40,0,25.979980
40,1,39.139756
40,2,15.526605
40,3,49.165824
40,4,43.377815
41,0,31.460683
41,1,21.007175
41,2,36.296377
41,3,4.998060
41,4,13.324863
42,0,30.355152
42,1,38.104597
42,2,26.127858
42,3,10.705828
42,4,5.840559
43,0,49.543085
43,1,41.768070
43,2,15.616329
43,3,23.880698
43,4,28.636583
44,0,33.928508
44,1,29.162812
44,2,6.201587
44,3,16.139965
44,4,10.421398
45,0,26.875450
45,1,22.518929
45,2,13.475459
45,3,5.160020
45,4,31.719089
46,0,43.467620
46,1,35.688546
46,2,27.289860
46,3,14.167434
46,4,9.370149
47,0,38.095790
47,1,27.709375
47,2,19.323208
47,3,14.556280
47,4,5.520905
48,0,36.908426
48,1,10.668579
48,2,18.995207
48,3,45.876196
48,4,32.110836
49,0,29.025591
49,1,44.282520
49,2,6.372031
49,3,11.102412
49,4,24.061208
50,0,33.064222
50,1,4.562109
50,2,14.933006
50,3,25.407489
50,4,19.669641
51,0,8.066337
51,1,12.856496
51,2,41.333060
51,3,17.872745
51,4,28.278435
52,0,7.896052
52,1,23.361580
52,2,12.653882
52,3,27.533877
52,4,18.372837
53,0,51.284912
53,1,9.841605
53,2,35.927865
53,3,22.903778
53,4,18.144236
54,0,8.343274
54,1,24.475147
54,2,42.466841
54,3,14.106818
54,4,37.475448
55,0,19.121852
55,1,29.586936
55,2,53.399197
55,3,5.995329
55,4,37.912985
56,0,5.322819
56,1,13.781492
56,2,19.479212
56,3,28.469726
56,4,36.168573
57,0,23.673683
57,1,27.954236
57,2,15.394745
57,3,40.985452
57,4,49.804810
58,0,26.623663
58,1,9.392421
58,2,21.755910
58,3,13.516777
58,4,34.117374
59,0,9.007201
59,1,16.551042
59,2,44.210867
59,3,31.767410
59,4,35.903303
60,0,5.008982
60,1,16.785093
60,2,9.156146
60,3,25.070667
60,4,29.831601
61,0,11.707308
61,1,34.538901
61,2,29.602792
61,3,19.285864
61,4,24.972816
62,0,10.858157
62,1,19.736663
62,2,24.720362
62,3,41.877743
62,4,37.749999
63,0,48.423957
63,1,10.609031
63,2,15.613934
63,3,28.506196
63,4,43.694672
64,0,5.729519
64,1,40.564745
64,2,27.506992
64,3,19.301261
64,4,10.465620
65,0,23.643138
65,1,17.924352
65,2,10.192638
65,3,5.240826
65,4,31.815596
66,0,20.088200
66,1,15.373580
66,2,33.931703
66,3,28.262600
66,4,44.252687
67,0,15.565651
67,1,5.102497
67,2,23.681099
67,3,27.971542
67,4,36.338894
68,0,27.241867
68,1,5.170392
68,2,36.476878
68,3,32.257874
68,4,18.281294
69,0,4.386693
69,1,25.642443
69,2,15.202477
69,3,10.138920
69,4,30.416227
70,0,9.328173
70,1,19.855289
70,2,35.188185
70,3,15.081054
70,4,4.246318
71,0,39.962189
71,1,20.996263
71,2,35.734203
71,3,15.974845
71,4,26.751072
72,0,5.435481
72,1,32.062541
72,2,23.748378
72,3,19.535128
72,4,14.411803
73,0,24.564087
73,1,19.566301
73,2,48.074127
73,3,39.805108
73,4,9.102295
74,0,27.361984
74,1,10.462157
74,2,18.108224
74,3,22.297156
74,4,36.597979
75,0,43.263526
75,1,6.052547
75,2,21.315000
75,3,50.943410
75,4,30.253981
76,0,51.519430
76,1,10.646856
76,2,33.772209
76,3,38.525256
76,4,26.058937
77,0,18.346564
77,1,26.739522
77,2,32.472327
77,3,37.208962
77,4,7.959501
78,0,34.178975
78,1,38.402911
78,2,44.157933
78,3,21.019661
78,4,5.549446
79,0,5.295240
79,1,25.388159
79,2,20.629558
79,3,35.327780
79,4,29.570207
80,0,34.513314
80,1,38.726219
80,2,23.731405
80,3,29.511269
80,4,8.374031
81,0,7.880692
81,1,21.923140
81,2,26.145905
81,3,16.897294
81,4,30.922266
82,0,10.019143
82,1,19.269041
82,2,29.792798
82,3,25.008257
82,4,15.066291
83,0,6.179991
83,1,42.287351
83,2,29.162009
83,3,16.605469
83,4,20.815241
84,0,37.860012
84,1,20.419761
84,2,15.572217
84,3,29.503207
84,4,48.278744
85,0,28.114928
85,1,17.695200
85,2,36.455047
85,3,4.948287
85,4,12.674410
86,0,14.765656
86,1,36.892857
86,2,4.416810
86,3,23.839956
86,4,28.646371
87,0,18.659740
87,1,5.200154
87,2,42.498335
87,3,34.066760
87,4,12.912091
88,0,15.710231
88,1,20.752982
88,2,31.099494
88,3,35.292676
88,4,43.615140
89,0,32.502105
89,1,48.772729
89,2,17.077283
89,3,43.034866
89,4,8.086028
90,0,23.454103
90,1,40.152049
90,2,4.509076
90,3,31.183144
90,4,17.627787
91,0,22.446376
91,1,40.615425
91,2,32.884275
91,3,5.142926
91,4,13.484356
92,0,4.895790
92,1,40.961371
92,2,28.418122
92,3,18.028314
92,4,36.756267
93,0,33.695353
93,1,28.844883
93,2,47.866063
93,3,13.375497
93,4,42.819063
94,0,26.573330
94,1,36.524428
94,2,13.494362
94,3,32.314289
94,4,8.718385
95,0,28.863159
95,1,34.643644
95,2,47.919717
95,3,15.643412
95,4,24.646339
96,0,4.741768
96,1,39.728254
96,2,18.818594
96,3,9.806221
96,4,31.995611
97,0,28.778510
97,1,5.429376
97,2,11.222378
97,3,16.257956
97,4,24.601099
98,0,34.877974
98,1,13.476560
98,2,24.313755
98,3,18.491939
98,4,43.948301
99,0,23.815358
99,1,19.606198
99,2,28.873629
99,3,37.210326
99,4,10.611801
100,0,8.454626
100,1,28.740362
100,2,13.268562
100,3,44.394382
100,4,33.838893
101,0,35.573416
101,1,18.807713
101,2,41.380383
101,3,8.375334
101,4,27.820226
102,0,5.943121
102,1,30.489894
102,2,45.151256
102,3,34.724062
102,4,15.063465
103,0,13.133384
103,1,44.734605
103,2,23.566432
103,3,49.720885
103,4,38.904548
104,0,45.667406
104,1,35.768244
104,2,40.863450
104,3,16.205961
104,4,26.694936
105,0,49.721284
105,1,9.080379
105,2,24.462244
105,3,41.916236
105,4,28.721502
106,0,32.054470
106,1,4.960919
106,2,45.132475
106,3,24.368611
106,4,15.368301
107,0,5.094454
107,1,44.586374
107,2,20.550718
107,3,31.115088
107,4,26.329596
108,0,24.423664
108,1,38.593199
108,2,9.071854
108,3,32.796959
108,4,46.341460
109,0,37.261424
109,1,29.512428
109,2,20.552667
109,3,42.042371
109,4,15.511955
110,0,8.168499
110,1,35.952180
110,2,30.211722
110,3,40.687226
110,4,21.231662
111,0,23.673524
111,1,51.657726
111,2,13.304610
111,3,36.249829
111,4,28.513790
112,0,24.438614
112,1,11.414628
112,2,5.682906
112,3,19.676560
112,4,34.805624
113,0,28.859977
113,1,23.801343
113,2,13.333147
113,3,37.902637
113,4,45.603104
114,0,10.377620
114,1,5.534401
114,2,40.254358
114,3,14.585570
114,4,29.859411
115,0,48.886456
115,1,10.222224
115,2,38.519137
115,3,23.299055
115,4,57.155581
116,0,40.097695
116,1,27.578994
116,2,18.556376
116,3,10.736870
116,4,31.771425
117,0,36.997754
117,1,44.671222
117,2,13.571430
117,3,23.979135
117,4,5.176217
118,0,47.199460
118,1,6.126028
118,2,10.326967
118,3,31.809954
118,4,18.695670
119,0,35.496805
119,1,14.079032
119,2,6.309224
119,3,45.933812
119,4,22.410444
120,0,38.228822
120,1,5.340762
120,2,9.585691
120,3,22.773908
120,4,14.364419
121,0,32.387261
121,1,8.760092
121,2,17.743988
121,3,45.436512
121,4,21.956875
122,0,28.664174
122,1,36.423709
122,2,24.481045
122,3,9.202880
122,4,42.149747
123,0,16.050125
123,1,21.820907
123,2,26.879528
123,3,41.510975
123,4,31.096318
124,0,15.536382
124,1,31.440240
124,2,40.409509
124,3,45.147186
124,4,23.797485
125,0,39.511039
125,1,28.633427
125,2,47.921372
125,3,15.547139
125,4,33.416205
126,0,38.997963
126,1,25.980675
126,2,47.961462
126,3,56.342585
126,4,15.587540
127,0,9.948916
127,1,4.888654
127,2,32.068294
127,3,23.037315
127,4,40.376454
128,0,29.238742
128,1,13.188816
128,2,38.203337
128,3,20.878573
128,4,33.450097
129,0,5.519065
129,1,38.340173
129,2,29.286403
129,3,10.371825
129,4,20.873656
130,0,22.154799
130,1,37.463136
130,2,13.190919
130,3,52.938375
130,4,47.884391
131,0,28.726484
131,1,52.248180
131,2,8.467896
131,3,23.947353
131,4,41.812256
132,0,8.354316
132,1,18.781394
132,2,31.817161
132,3,36.592896
132,4,40.811402
133,0,32.349371
133,1,9.160949
133,2,23.976113
133,3,14.936953
133,4,19.170584
134,0,38.185520
134,1,33.990428
134,2,10.615933
134,3,46.516649
134,4,26.247004
135,0,24.510735
135,1,15.415679
135,2,19.667341
135,3,45.623933
135,4,37.789299
136,0,9.498679
136,1,5.165663
136,2,33.099313
136,3,46.521770
136,4,17.363472
137,0,42.953716
137,1,34.419130
137,2,18.683925
137,3,13.513038
137,4,47.313472
138,0,19.995235
138,1,39.442542
138,2,5.569939
138,3,33.425633
138,4,14.825837
139,0,13.680741
139,1,49.672271
139,2,33.863874
139,3,19.657944
139,4,24.599578
140,0,41.858266
140,1,37.490917
140,2,29.425876
140,3,20.924508
140,4,15.824226
141,0,8.705967
141,1,19.391767
141,2,40.632223
141,3,49.786908
141,4,27.293236
142,0,11.013711
142,1,6.127774
142,2,20.238869
142,3,42.146043
142,4,28.733824
143,0,13.650190
143,1,36.169298
143,2,26.977456
143,3,41.038446
143,4,8.548601
144,0,30.087959
144,1,43.400241
144,2,13.605685
144,3,4.413941
144,4,19.518409
145,0,28.653054
145,1,34.510252
145,2,5.170649
145,3,13.693928
145,4,18.049838
146,0,34.107314
146,1,14.936020
146,2,4.338215
146,3,39.224629
146,4,20.839951
147,0,31.092916
147,1,21.710243
147,2,41.797098
147,3,13.170195
147,4,5.250186
148,0,8.838388
148,1,52.712120
148,2,35.363338
148,3,19.623831
148,4,44.798061
149,0,34.516376
149,1,21.229662
149,2,43.028673
149,3,6.166027
149,4,16.861130
150,0,27.891200
150,1,21.888490
150,2,16.685175
150,3,37.260617
150,4,5.898759
151,0,39.140645
151,1,29.914323
151,2,24.004295
151,3,49.957609
151,4,8.171698
152,0,18.293757
152,1,54.144457
152,2,27.593300
152,3,5.003643
152,4,38.263311
153,0,18.978404
153,1,43.305764
153,2,47.711222
153,3,13.738364
153,4,34.697619
154,0,18.020282
154,1,8.794485
154,2,23.929732
154,3,34.615655
154,4,13.726376
155,0,51.752009
155,1,29.554245
155,2,43.814720
155,3,38.780906
155,4,13.621166
156,0,27.856665
156,1,11.429085
156,2,19.310745
156,3,41.342982
156,4,37.065133
157,0,18.977432
157,1,5.383202
157,2,43.360692
157,3,13.253682
157,4,34.317553
158,0,23.307386
158,1,17.536944
158,2,43.530808
158,3,38.685604
158,4,9.225258
159,0,15.831417
159,1,46.935977
159,2,38.763803
159,3,28.428224
159,4,20.576947
160,0,14.796706
160,1,9.125082
160,2,40.026342
160,3,44.666667
160,4,29.778874
161,0,19.718819
161,1,47.234251
161,2,32.300658
161,3,4.211842
161,4,11.658965
162,0,22.973780
162,1,27.817897
162,2,17.412017
162,3,32.391846
162,4,10.049189
163,0,20.435223
163,1,35.056216
163,2,6.914962
163,3,44.409019
163,4,15.694263
164,0,42.144623
164,1,32.805254
164,2,27.410367
164,3,17.326661
164,4,11.711293
165,0,4.823623
165,1,36.693310
165,2,16.642713
165,3,11.221225
165,4,28.211434
166,0,4.822538
166,1,15.014503
166,2,29.772879
166,3,24.200240
166,4,35.096043
167,0,30.383149
167,1,45.026139
167,2,8.648542
167,3,14.050933
167,4,18.857271
168,0,17.200518
168,1,41.700751
168,2,31.602391
168,3,54.915508
168,4,50.208896
169,0,27.354714
169,1,17.261902
169,2,5.733663
169,3,33.708989
169,4,42.304003
170,0,40.796616
170,1,36.129936
170,2,18.789898
170,3,50.033675
170,4,10.178822
171,0,50.941484
171,1,13.211388
171,2,36.357002
171,3,21.859833
171,4,31.728615
172,0,30.984113
172,1,11.321912
172,2,6.634341
172,3,22.217957
172,4,16.927742
173,0,38.838470
173,1,15.010959
173,2,21.442835
173,3,10.302916
173,4,27.218759
174,0,23.349121
174,1,57.192385
174,2,6.082114
174,3,47.896966
174,4,33.339016
175,0,8.885910
175,1,40.656705
175,2,18.101389
175,3,45.568633
175,4,35.329406
176,0,23.255125
176,1,31.877422
176,2,37.299415
176,3,17.661315
176,4,43.756598
177,0,48.190167
177,1,26.523954
177,2,43.421417
177,3,17.919477
177,4,12.246307
178,0,23.407362
178,1,45.856072
178,2,5.679557
178,3,40.651162
178,4,14.175209
179,0,37.526330
179,1,5.843066
179,2,20.318010
179,3,48.787254
179,4,42.247707
180,0,26.461507
180,1,45.765659
180,2,21.121428
180,3,40.988429
180,4,11.810821
181,0,36.421369
181,1,19.391947
181,2,45.201184
181,3,51.687929
181,4,9.263614
182,0,36.993849
182,1,30.548784
182,2,18.739205
182,3,51.928489
182,4,57.612639
183,0,35.694790
183,1,5.229395
183,2,10.918417
183,3,25.494131
183,4,42.148175
184,0,35.110922
184,1,6.491878
184,2,25.845756
184,3,46.723928
184,4,21.038589
185,0,46.089428
185,1,25.504781
185,2,40.707564
185,3,31.942676
185,4,15.433494
186,0,30.043216
186,1,21.224718
186,2,41.817772
186,3,36.518966
186,4,11.929497
187,0,15.750701
187,1,49.238271
187,2,20.473168
187,3,54.868040
187,4,37.522643
188,0,22.230758
188,1,16.517234
188,2,54.067802
188,3,36.813744
188,4,5.034725
189,0,51.061039
189,1,19.949318
189,2,37.142285
189,3,46.391823
189,4,5.443318
190,0,55.904906
190,1,38.952972
190,2,14.769439
190,3,30.177405
190,4,24.650440
191,0,57.303129
191,1,48.087643
191,2,33.295801
191,3,17.693531
191,4,27.696320
192,0,48.487023
192,1,26.918923
192,2,54.990513
192,3,38.544346
192,4,17.622973
193,0,44.922712
193,1,5.704213
193,2,29.467592
193,3,39.622786
193,4,12.142836
194,0,4.855594
194,1,11.324626
194,2,21.429825
194,3,36.123658
194,4,45.567693
195,0,45.387783
195,1,5.891676
195,2,40.723145
195,3,17.458251
195,4,32.033468
196,0,45.129389
196,1,36.633598
196,2,19.565942
196,3,9.424009
196,4,14.720037
197,0,46.304802
197,1,4.855475
197,2,21.873111
197,3,55.481079
197,4,31.710589
198,0,9.349773
198,1,41.832994
198,2,46.570782
198,3,35.271890
198,4,23.844143
199,0,10.172891
199,1,36.734666
199,2,41.394991
199,3,25.242882
199,4,18.695718
200,0,18.110355
200,1,28.125327
200,2,49.379035
200,3,37.428362
200,4,42.921950
201,0,5.722426
201,1,22.829930
201,2,32.171447
201,3,17.387179
201,4,42.177502
202,0,44.016570
202,1,9.833000
202,2,15.501684
202,3,21.913028
202,4,26.597330
203,0,22.606289
203,1,46.429254
203,2,5.395642
203,3,28.265897
203,4,39.971628
204,0,12.420839
204,1,6.848843
204,2,17.883715
204,3,49.905520
204,4,32.601977
205,0,21.236844
205,1,6.842555
205,2,25.915424
205,3,12.586208
205,4,31.271100
206,0,32.321872
206,1,20.572955
206,2,6.491674
206,3,37.646528
206,4,15.800139
207,0,15.161841
207,1,21.560429
207,2,37.909273
207,3,26.348436
207,4,47.250859
208,0,59.045559
208,1,24.819156
208,2,47.464318
208,3,30.351985
208,4,10.342639
209,0,11.906260
209,1,52.383941
209,2,35.269398
209,3,17.354964
209,4,26.739620
210,0,13.917647
210,1,8.631194
210,2,28.875859
210,3,55.741275
210,4,45.808886
211,0,26.547862
211,1,43.987251
211,2,32.116469
211,3,17.292908
211,4,38.548303
212,0,20.183595
212,1,28.944395
212,2,38.271158
212,3,14.850924
212,4,4.807279
213,0,39.704052
213,1,34.103052
213,2,6.639626
213,3,29.406494
213,4,12.011363
214,0,23.782154
214,1,8.822163
214,2,18.171856
214,3,29.124134
214,4,46.463044
215,0,30.541410
215,1,36.078823
215,2,20.530802
215,3,8.937256
215,4,40.721075
216,0,31.483916
216,1,50.696704
216,2,9.008273
216,3,41.485729
216,4,14.414542
217,0,43.408500
217,1,33.450953
217,2,26.930245
217,3,38.743671
217,4,9.832884
218,0,48.454137
218,1,9.430843
218,2,36.901911
218,3,14.115488
218,4,19.688232
219,0,19.723801
219,1,29.871278
219,2,15.021108
219,3,56.242825
219,4,47.003930
220,0,50.109990
220,1,21.053460
220,2,15.469658
220,3,43.749095
220,4,26.367411
221,0,6.397245
221,1,20.862244
221,2,48.415710
221,3,43.702237
221,4,38.091011
222,0,4.913989
222,1,10.337940
222,2,15.949660
222,3,30.439620
222,4,36.935004
223,0,43.820015
223,1,21.860070
223,2,26.509204
223,3,11.872351
223,4,52.430355
224,0,44.162390
224,1,38.801912
224,2,33.043100
224,3,21.385987
224,4,6.571772
225,0,42.311906
225,1,37.588109
225,2,21.019443
225,3,27.527628
225,4,9.432335
226,0,26.733038
226,1,21.436306
226,2,9.788706
226,3,46.574182
226,4,31.501287
227,0,41.272197
227,1,26.808879
227,2,52.214503
227,3,17.424321
227,4,46.849411
228,0,49.939101
228,1,41.440472
228,2,9.702984
228,3,61.479603
228,4,26.838196
229,0,40.251096
229,1,26.132341
229,2,19.541402
229,3,34.671297
229,4,9.540556
230,0,47.489311
230,1,9.568554
230,2,26.540448
230,3,40.990167
230,4,14.896936
231,0,39.095733
231,1,53.669064
231,2,32.625894
231,3,27.321120
231,4,10.158950
232,0,20.411076
232,1,47.119100
232,2,14.005857
232,3,32.365081
232,4,9.359212
233,0,19.939553
233,1,24.651774
233,2,10.628381
233,3,41.714718
233,4,36.333480
234,0,31.165349
234,1,8.964770
234,2,14.596870
234,3,40.480475
234,4,21.032286
235,0,34.024538
235,1,39.364108
235,2,23.947557
235,3,15.285118
235,4,5.940527
236,0,37.665961
236,1,20.525365
236,2,62.396465
236,3,52.293808
236,4,11.879055
237,0,5.724979
237,1,24.886567
237,2,43.391255
237,3,10.403752
237,4,34.884974
238,0,39.948613
238,1,45.532922
238,2,18.239478
238,3,11.847536
238,4,22.933494
239,0,5.675447
239,1,56.537259
239,2,30.147254
239,3,47.284731
239,4,20.189340
240,0,7.036392
240,1,17.115523
240,2,48.733226
240,3,28.763715
240,4,34.137098
241,0,42.556434
241,1,7.617956
241,2,48.155993
241,3,33.300619
241,4,24.698643
242,0,39.656007
242,1,56.882406
242,2,17.962543
242,3,27.966021
242,4,8.634069
243,0,9.220850
243,1,35.824303
243,2,26.471850
243,3,47.500300
243,4,52.844394
244,0,5.974042
244,1,16.070677
244,2,40.076050
244,3,30.753468
244,4,48.752952
245,0,54.757092
245,1,5.336906
245,2,25.796981
245,3,43.020276
245,4,11.102306
246,0,23.391185
246,1,18.631411
246,2,43.486445
246,3,6.840848
246,4,28.760299
247,0,36.626615
247,1,41.837146
247,2,14.927790
247,3,50.194433
247,4,26.693929
248,0,6.236266
248,1,31.810494
248,2,49.626932
248,3,15.052846
248,4,43.297142
249,0,14.826564
249,1,9.522783
249,2,49.701541
249,3,43.292015
249,4,26.284037
250,0,52.224093
250,1,35.059238
250,2,26.388961
250,3,6.960635
250,4,21.641947
251,0,53.711476
251,1,43.661699
251,2,20.877481
251,3,26.461897
251,4,15.602224
252,0,40.038941
252,1,24.953522
252,2,14.897204
252,3,45.625005
252,4,31.405334
253,0,33.289923
253,1,47.830848
253,2,16.184173
253,3,6.009008
253,4,42.514038
254,0,30.779281
254,1,36.175154
254,2,4.972443
254,3,42.677215
254,4,22.083963
255,0,58.874027
255,1,37.087015
255,2,54.165589
255,3,12.293004
255,4,27.036119
256,0,17.263198
256,1,28.877439
256,2,34.454907
256,3,43.733826
256,4,52.355775
257,0,24.730989
257,1,8.989085
257,2,14.639847
257,3,41.847188
257,4,47.225029
258,0,17.587860
258,1,32.184157
258,2,41.511561
258,3,46.871148
258,4,11.994740
259,0,41.659443
259,1,4.966515
259,2,56.114393
259,3,24.903528
259,4,16.427177
260,0,10.910163
260,1,6.175368
260,2,28.875376
260,3,34.197966
260,4,19.566580
261,0,9.231807
261,1,58.320046
261,2,43.676769
261,3,26.427728
261,4,32.049310
262,0,43.726590
262,1,5.396332
262,2,20.137570
262,3,52.237409
262,4,37.293440
263,0,32.642983
263,1,56.764499
263,2,47.374693
263,3,22.500887
263,4,5.205473
264,0,38.408204
264,1,33.715676
264,2,18.254507
264,3,11.761532
264,4,23.609463
265,0,35.622239
265,1,24.553296
265,2,29.950199
265,3,15.873084
265,4,5.782242
266,0,39.673465
266,1,23.288697
266,2,27.994024
266,3,17.912033
266,4,48.946190
267,0,34.407737
267,1,8.775591
267,2,13.486268
267,3,25.113319
267,4,40.818846
268,0,15.411109
268,1,46.550276
268,2,36.498808
268,3,30.049500
268,4,9.794932
269,0,17.534624
269,1,45.699826
269,2,23.996039
269,3,35.643862
269,4,54.406814
270,0,27.459697
270,1,37.557317
270,2,6.510898
270,3,46.280986
270,4,18.135022
271,0,11.433861
271,1,4.951176
271,2,37.395341
271,3,20.127774
271,4,42.731481
272,0,51.257089
272,1,45.876792
272,2,17.174734
272,3,37.329647
272,4,22.758647
273,0,33.432285
273,1,9.464361
273,2,21.596460
273,3,38.213210
273,4,15.937345
274,0,15.542701
274,1,24.928432
274,2,47.005865
274,3,29.684746
274,4,8.942476
275,0,47.828183
275,1,30.278154
275,2,9.728798
275,3,14.447709
275,4,20.134187
276,0,6.933697
276,1,42.684176
276,2,18.738719
276,3,28.060337
276,4,13.421665
277,0,17.228976
277,1,32.814870
277,2,47.959973
277,3,27.238267
277,4,39.267076
278,0,33.423921
278,1,15.316078
278,2,10.588993
278,3,50.572158
278,4,21.811457
279,0,17.386750
279,1,58.581359
279,2,52.983016
279,3,43.655150
279,4,31.980675
280,0,48.374819
280,1,14.800888
280,2,26.464439
280,3,36.476367
280,4,42.992626
281,0,26.316497
281,1,55.463558
281,2,32.783767
281,3,38.440485
281,4,14.683345
282,0,14.438895
282,1,9.182990
282,2,20.810493
282,3,37.982212
282,4,47.309146
283,0,39.149618
283,1,8.722684
283,2,56.337931
283,3,15.194546
283,4,29.838391
284,0,11.183761
284,1,5.550472
284,2,36.226472
284,3,15.869637
284,4,24.531359
285,0,13.415752
285,1,4.752861
285,2,45.461679
285,3,54.783999
285,4,30.776279
286,0,29.452954
286,1,12.389940
286,2,38.022253
286,3,6.790853
286,4,47.333497
287,0,5.246733
287,1,30.947492
287,2,45.826266
287,3,13.860535
287,4,36.502747
288,0,57.184610
288,1,28.204121
288,2,19.529307
288,3,9.390648
288,4,39.894680
289,0,44.959852
289,1,26.233157
289,2,34.870128
289,3,12.297567
289,4,17.000344
290,0,24.776833
290,1,14.706838
290,2,19.444302
290,3,39.885348
290,4,31.262702
291,0,57.231144
291,1,8.878354
291,2,50.662361
291,3,26.046684
291,4,36.087537
292,0,46.561281
292,1,40.132814
292,2,21.436353
292,3,31.508069
292,4,15.781122
293,0,48.756378
293,1,19.552984
293,2,42.329622
293,3,14.858093
293,4,25.195470
294,0,14.759368
294,1,29.515642
294,2,34.239147
294,3,43.578372
294,4,9.086145
295,0,52.828774
295,1,24.784273
295,2,7.575691
295,3,38.150954
295,4,33.431230
296,0,12.256333
296,1,29.505436
296,2,34.180624
296,3,42.748597
296,4,5.779756
297,0,43.883825
297,1,32.043788
297,2,38.516045
297,3,10.078295
297,4,27.341405
298,0,27.314839
298,1,63.289561
298,2,38.913690
298,3,10.061074
298,4,53.279739
299,0,26.615833
299,1,5.780127
299,2,51.131688
299,3,14.990885
299,4,41.145380
300,0,38.430668
300,1,32.004676
300,2,21.040088
300,3,11.751555
300,4,26.390338
301,0,16.035844
301,1,30.626106
301,2,41.724124
301,3,10.426994
301,4,35.332817
302,0,31.118141
302,1,35.794092
302,2,15.761394
302,3,21.104483
302,4,9.285583
303,0,4.986690
303,1,36.476139
303,2,14.180688
303,3,19.434427
303,4,42.023436
304,0,29.023314
304,1,33.719598
304,2,8.694107
304,3,14.386170
304,4,39.010196
305,0,17.793764
305,1,35.827261
305,2,24.207850
305,3,49.752069
305,4,41.102157
306,0,4.797447
306,1,35.627787
306,2,16.466166
306,3,26.354552
306,4,11.191996
307,0,5.554471
307,1,31.923265
307,2,40.491626
307,3,11.150584
307,4,20.365015
308,0,46.993140
308,1,26.895609
308,2,17.622813
308,3,32.489984
308,4,53.391516
309,0,31.425959
309,1,5.587605
309,2,14.911593
309,3,21.375494
309,4,36.970445
310,0,10.218761
310,1,31.051774
310,2,24.654595
310,3,35.738269
310,4,45.054566
311,0,31.368107
311,1,11.100322
311,2,5.442678
311,3,36.100297
311,4,22.751945
312,0,10.460520
312,1,5.719273
312,2,25.964383
312,3,20.565039
312,4,32.490413
313,0,10.215652
313,1,28.467986
313,2,51.537601
313,3,22.000830
313,4,34.234351
314,0,35.315274
314,1,9.568071
314,2,52.504157
314,3,23.599501
314,4,14.954375
315,0,42.884040
315,1,25.674538
315,2,10.959062
315,3,52.896472
315,4,5.309268
316,0,5.700456
316,1,25.958950
316,2,14.326073
316,3,45.283813
316,4,40.532850
317,0,17.199368
317,1,31.241801
317,2,45.376766
317,3,39.801568
317,4,26.513242
318,0,44.661180
318,1,33.050933
318,2,59.358056
318,3,5.435247
318,4,22.983020
319,0,40.395597
319,1,26.573664
319,2,31.858856
319,3,15.073982
319,4,45.963390
320,0,5.814833
320,1,33.798302
320,2,10.524409
320,3,24.518950
320,4,19.186408
321,0,43.739920
321,1,29.647983
321,2,10.393939
321,3,24.973729
321,4,38.174253
322,0,21.586484
322,1,31.657677
322,2,46.288899
322,3,9.485854
322,4,15.074699
323,0,37.334497
323,1,17.950222
323,2,52.046592
323,3,42.710589
323,4,22.633243
324,0,30.888607
324,1,22.289418
324,2,16.668304
324,3,10.225659
324,4,45.555334
325,0,46.972169
325,1,15.244271
325,2,58.671556
325,3,32.613797
325,4,41.335313
326,0,44.072126
326,1,54.102751
326,2,38.788000
326,3,11.787479
326,4,29.462595
327,0,47.845355
327,1,15.738902
327,2,22.208686
327,3,27.542210
327,4,39.218676
328,0,48.706275
328,1,23.162470
328,2,29.570758
328,3,17.531626
328,4,34.235712
329,0,27.197504
329,1,20.730833
329,2,11.989234
329,3,36.538332
329,4,42.225008
330,0,46.030714
330,1,56.074768
330,2,32.030421
330,3,37.388197
330,4,14.810030
331,0,14.767765
331,1,38.817976
331,2,55.916564
331,3,28.771679
331,4,23.435988
332,0,5.374227
332,1,44.012807
332,2,32.269943
332,3,20.099826
332,4,25.776377
333,0,44.906512
333,1,25.513544
333,2,9.019862
333,3,40.195478
333,4,19.091959
334,0,40.648495
334,1,17.296347
334,2,25.936888
334,3,7.238462
334,4,45.376677
335,0,22.792895
335,1,32.814390
335,2,41.364621
335,3,17.139025
335,4,50.554567
336,0,10.845351
336,1,46.394589
336,2,6.175599
336,3,36.495264
336,4,27.901550
337,0,8.618636
337,1,20.204080
337,2,40.370625
337,3,35.695059
337,4,30.121671
338,0,9.861397
338,1,42.547803
338,2,19.825766
338,3,25.516573
338,4,47.840394
339,0,32.813954
339,1,39.235327
339,2,24.153656
339,3,14.937069
339,4,56.320260
340,0,26.110909
340,1,11.819827
340,2,17.492800
340,3,35.340950
340,4,5.400272
341,0,11.215492
341,1,5.590765
341,2,39.804691
341,3,22.723237
341,4,48.366360
342,0,49.417969
342,1,37.813623
342,2,21.280659
342,3,27.695087
342,4,15.644094
343,0,26.802280
343,1,42.522863
343,2,8.792793
343,3,36.911471
343,4,20.396031
344,0,22.260567
344,1,27.847433
344,2,33.218897
344,3,50.415642
344,4,12.185634
345,0,12.598818
345,1,27.374532
345,2,32.996226
345,3,22.596879
345,4,39.435730
346,0,31.787743
346,1,20.125872
346,2,45.763229
346,3,36.471003
346,4,5.555554
347,0,20.960219
347,1,35.542753
347,2,6.399119
347,3,41.151535
347,4,16.333082
348,0,10.304006
348,1,39.742797
348,2,24.797717
348,3,48.953171
348,4,31.171301
349,0,42.589946
349,1,47.959800
349,2,16.186655
349,3,6.168956
349,4,30.871436
350,0,17.220234
350,1,58.145993
350,2,43.539119
350,3,31.898237
350,4,52.807440
351,0,10.428156
351,1,16.905321
351,2,43.234842
351,3,28.592598
351,4,47.912523
352,0,8.992408
352,1,35.523238
352,2,18.294228
352,3,40.367121
352,4,23.922644
353,0,11.892340
353,1,23.915714
353,2,49.612493
353,3,41.018990
353,4,17.513149
354,0,35.545655
354,1,19.976971
354,2,47.160389
354,3,25.531484
354,4,5.399114
355,0,19.772635
355,1,42.536363
355,2,37.209362
355,3,15.010311
355,4,31.550037
356,0,41.668852
356,1,22.994105
356,2,5.909222
356,3,36.963974
356,4,28.340796
357,0,33.950503
357,1,17.482751
357,2,42.573180
357,3,27.556393
357,4,48.184510
358,0,36.937094
358,1,31.616520
358,2,46.943590
358,3,22.952822
358,4,5.840265
359,0,20.067230
359,1,34.951788
359,2,25.646279
359,3,43.503547
359,4,14.733722
360,0,10.714956
360,1,42.396425
360,2,6.006761
360,3,27.810845
360,4,51.582696
361,0,20.177234
361,1,54.217365
361,2,34.881247
361,3,44.151529
361,4,8.658596
362,0,38.456524
362,1,23.709356
362,2,44.877703
362,3,8.978975
362,4,33.066624
363,0,28.655103
363,1,14.427685
363,2,38.715492
363,3,9.663684
363,4,20.060243
364,0,14.531557
364,1,29.682751
364,2,21.032217
364,3,5.316261
364,4,35.342177
365,0,8.994691
365,1,50.271953
365,2,23.659088
365,3,40.106756
365,4,28.385120
366,0,40.877975
366,1,21.138211
366,2,35.496897
366,3,9.426452
366,4,26.802757
367,0,10.543129
367,1,33.118415
367,2,45.331473
367,3,15.937645
367,4,39.643421
368,0,29.506105
368,1,47.720170
368,2,6.831082
368,3,24.100086
368,4,41.234934
369,0,40.877318
369,1,29.709226
369,2,36.164052
369,3,21.059219
369,4,9.413407
370,0,13.699566
370,1,45.410293
370,2,5.058402
370,3,57.009124
370,4,28.345164
371,0,32.440730
371,1,58.820939
371,2,47.113812
371,3,26.762844
371,4,17.407632
372,0,55.522618
372,1,40.593220
372,2,31.943087
372,3,46.162954
372,4,17.241105
373,0,42.341118
373,1,16.463889
373,2,48.796013
373,3,25.065700
373,4,10.833580
374,0,26.935053
374,1,21.613036
374,2,37.014964
374,3,15.992330
374,4,9.576537
375,0,36.440998
375,1,50.372061
375,2,11.811249
375,3,26.308295
375,4,41.785099
376,0,32.191312
376,1,14.959850
376,2,38.597683
376,3,4.933359
376,4,20.602239
377,0,15.496684
377,1,46.427611
377,2,34.937155
377,3,29.379727
377,4,24.072289
378,0,11.076725
378,1,51.270577
378,2,5.519241
378,3,42.603568
378,4,25.539526
379,0,27.923205
379,1,37.156055
379,2,9.734884
379,3,21.440066
379,4,42.508532
380,0,29.369818
380,1,5.258008
380,2,23.980836
380,3,13.888529
380,4,40.980462
381,0,31.988164
381,1,21.831956
381,2,15.319139
381,3,37.355740
381,4,46.045083
382,0,12.412492
382,1,22.575162
382,2,42.050976
382,3,27.986706
382,4,37.285845
383,0,37.200660
383,1,22.424423
383,2,51.996984
383,3,5.156911
383,4,27.821285
384,0,35.972440
384,1,9.103532
384,2,21.314903
384,3,15.613876
384,4,46.123782
385,0,43.245583
385,1,38.445827
385,2,15.515790
385,3,10.144529
385,4,21.201549
386,0,16.159613
386,1,38.135039
386,2,6.760636
386,3,52.855267
386,4,21.028700
387,0,19.589838
387,1,31.214465
387,2,9.452790
387,3,53.043986
387,4,36.034955
388,0,19.649328
388,1,9.706644
388,2,38.869723
388,3,34.223611
388,4,55.956410
389,0,11.190605
389,1,24.855533
389,2,16.069102
389,3,39.584189
389,4,5.683620
390,0,48.810953
390,1,34.503195
390,2,40.128139
390,3,9.666005
390,4,19.709691
391,0,49.070397
391,1,20.030574
391,2,6.568041
391,3,15.228193
391,4,37.460540
392,0,19.969674
392,1,10.769888
392,2,38.676226
392,3,30.036116
392,4,24.637780
393,0,47.723090
393,1,27.916940
393,2,36.554616
393,3,43.050383
393,4,10.763014
394,0,17.599571
394,1,12.218411
394,2,50.072141
394,3,26.109038
394,4,35.486014
395,0,9.533151
395,1,21.149404
395,2,33.134635
395,3,50.468581
395,4,26.660322
396,0,19.097399
396,1,10.302346
396,2,33.701780
396,3,45.294416
396,4,28.365893
397,0,9.135440
397,1,19.142742
397,2,25.545550
397,3,30.306227
397,4,47.361062
398,0,28.684902
398,1,10.273789
398,2,35.081514
398,3,18.804801
398,4,24.041056
399,0,16.587084
399,1,36.636418
399,2,45.790032
399,3,22.122371
399,4,6.711345
400,0,6.822145
400,1,38.513278
400,2,21.494729
400,3,12.347908
400,4,48.482511
401,0,17.276377
401,1,35.900020
401,2,25.992603
401,3,5.802559
401,4,52.993178
402,0,4.779469
402,1,33.687943
402,2,13.462407
402,3,50.771145
402,4,19.056989
403,0,11.824764
403,1,54.406529
403,2,20.461590
403,3,37.139046
403,4,27.092934
404,0,15.010472
404,1,43.295423
404,2,21.435259
404,3,33.218646
404,4,9.674313
405,0,21.918413
405,1,15.400743
405,2,36.485141
405,3,6.807112
405,4,46.615390
406,0,40.894653
406,1,29.312700
406,2,55.463810
406,3,22.918970
406,4,17.149582
407,0,14.124593
407,1,57.842927
407,2,5.328743
407,3,28.769767
407,4,40.507400
408,0,5.917361
408,1,42.623855
408,2,54.246122
408,3,23.187310
408,4,37.925981
409,0,45.228628
409,1,24.256974
409,2,9.441267
409,3,38.768684
409,4,19.508233
410,0,37.069770
410,1,42.463447
410,2,26.576619
410,3,32.230768
410,4,9.488186
411,0,34.052658
411,1,5.790071
411,2,27.592468
411,3,42.569342
411,4,17.398654
412,0,36.369176
412,1,17.700238
412,2,11.320843
412,3,22.969435
412,4,27.708521
413,0,37.472486
413,1,46.052803
413,2,27.388363
413,3,12.472404
413,4,21.827774
414,0,17.894328
414,1,38.378670
414,2,47.039880
414,3,32.620763
414,4,58.868749
415,0,46.875646
415,1,15.757451
415,2,30.445549
415,3,42.205241
415,4,10.308134
416,0,35.345045
416,1,40.023477
416,2,26.609975
416,3,11.792781
416,4,17.363480
417,0,28.758752
417,1,34.580110
417,2,39.271706
417,3,5.402631
417,4,20.052903
418,0,20.717310
418,1,32.284100
418,2,46.944173
418,3,10.342569
418,4,15.989919
419,0,19.831154
419,1,35.958922
419,2,8.728124
419,3,14.360689
419,4,24.515889
420,0,15.334271
420,1,46.959508
420,2,41.680082
420,3,32.495453
420,4,51.720167
421,0,5.770664
421,1,20.369685
421,2,41.239533
421,3,34.928962
421,4,10.435652
422,0,10.541719
422,1,4.989178
422,2,21.960190
422,3,31.999986
422,4,41.196611
423,0,27.371489
423,1,53.193325
423,2,10.289038
423,3,58.434826
423,4,41.698661
424,0,43.599915
424,1,35.107848
424,2,25.838694
424,3,5.372640
424,4,20.062653
425,0,52.135701
425,1,20.883987
425,2,34.959484
425,3,15.664247
425,4,29.377708
426,0,19.075212
426,1,35.486438
426,2,28.995324
426,3,10.385456
426,4,5.660418
427,0,15.822572
427,1,36.536751
427,2,45.151099
427,3,5.977623
427,4,25.154600
428,0,22.540869
428,1,5.173158
428,2,28.067853
428,3,34.377237
428,4,45.897413
429,0,30.685186
429,1,42.239356
429,2,16.320020
429,3,11.608778
429,4,5.343157
430,0,10.562117
430,1,30.228878
430,2,58.589335
430,3,41.693576
430,4,25.023827
431,0,52.072468
431,1,42.174626
431,2,36.640404
431,3,31.425894
431,4,14.667190
432,0,28.789383
432,1,19.637250
432,2,11.150300
432,3,33.429398
432,4,5.908027
433,0,13.894933
433,1,39.894092
433,2,9.262857
433,3,34.599540
433,4,23.048325
434,0,28.728956
434,1,34.029764
434,2,14.653861
434,3,43.892759
434,4,23.183022
435,0,35.900865
435,1,15.363989
435,2,52.735132
435,3,10.100567
435,4,26.753454
436,0,53.063490
436,1,11.811980
436,2,16.438979
436,3,36.264378
436,4,30.748711
437,0,34.860524
437,1,24.178161
437,2,29.369175
437,3,14.376147
437,4,9.762258
438,0,30.304422
438,1,16.613904
438,2,47.087330
438,3,10.272225
438,4,25.082149
439,0,32.125971
439,1,17.703902
439,2,9.202739
439,3,48.404562
439,4,38.468349
440,0,44.746781
440,1,26.399106
440,2,49.977870
440,3,34.873569
440,4,14.930757
441,0,28.425768
441,1,14.093277
441,2,5.626766
441,3,43.003452
441,4,37.491586
442,0,27.545791
442,1,33.097697
442,2,10.749238
442,3,41.610893
442,4,6.138092
443,0,43.342746
443,1,33.176418
443,2,38.703279
443,3,8.887819
443,4,23.294965
444,0,11.290992
444,1,39.881623
444,2,16.851732
444,3,4.919591
444,4,25.436016
445,0,14.698063
445,1,33.485159
445,2,28.811532
445,3,43.428553
445,4,20.272524
446,0,26.092473
446,1,37.703783
446,2,49.139363
446,3,17.614908
446,4,31.365223
447,0,35.176733
447,1,26.747110
447,2,5.471089
447,3,15.341197
447,4,39.786660
448,0,49.507015
448,1,15.494936
448,2,10.267120
448,3,26.865785
448,4,35.237518
449,0,35.424857
449,1,5.709798
449,2,15.581560
449,3,29.919269
449,4,41.741118
450,0,27.459156
450,1,22.165691
450,2,36.598247
450,3,16.581266
450,4,5.087901
451,0,41.654904
451,1,10.228710
451,2,21.702207
451,3,36.385282
451,4,27.222513
452,0,41.371555
452,1,4.638497
452,2,46.604108
452,3,21.548124
452,4,35.876105
453,0,41.488335
453,1,24.836452
453,2,20.204126
453,3,47.017465
453,4,8.797201
454,0,40.369377
454,1,28.866958
454,2,6.655933
454,3,45.031052
454,4,11.916834
455,0,19.280027
455,1,29.245314
455,2,9.304201
455,3,35.660325
455,4,23.964043
456,0,9.258396
456,1,28.287271
456,2,50.427775
456,3,23.640726
456,4,33.550668
457,0,20.176135
457,1,31.622669
457,2,42.628670
457,3,37.970703
457,4,5.758080
458,0,43.178808
458,1,22.691514
458,2,34.076632
458,3,17.174668
458,4,51.604226
459,0,20.957025
459,1,6.679049
459,2,51.059402
459,3,29.998070
459,4,39.750603
460,0,21.487525
460,1,11.675952
460,2,38.427610
460,3,43.124755
460,4,48.659103
461,0,9.176449
461,1,17.599791
461,2,37.350782
461,3,47.148011
461,4,31.860190
462,0,5.325864
462,1,19.964704
462,2,25.424186
462,3,13.707479
462,4,36.752189
463,0,22.790185
463,1,18.245952
463,2,12.031550
463,3,44.504559
463,4,39.348479
464,0,14.059659
464,1,40.830612
464,2,25.408302
464,3,34.519830
464,4,8.559932
465,0,28.683402
465,1,5.348957
465,2,44.752186
465,3,33.323524
465,4,19.602518
466,0,15.085630
466,1,5.944191
466,2,21.391571
466,3,34.476615
466,4,29.832020
467,0,13.730115
467,1,8.493588
467,2,28.023819
467,3,39.423757
467,4,44.932514
468,0,55.334096
468,1,29.475405
468,2,38.609431
468,3,5.266557
468,4,19.627797
469,0,42.902309
469,1,22.109174
469,2,33.840588
469,3,16.919279
469,4,27.592614
470,0,14.689611
470,1,45.518265
470,2,23.712104
470,3,40.350390
470,4,4.925194
471,0,38.551556
471,1,19.765534
471,2,46.918658
471,3,28.794488
471,4,5.590239
472,0,35.911274
472,1,41.433182
472,2,16.947740
472,3,26.079546
472,4,46.029097
473,0,19.209584
473,1,4.945641
473,2,25.521965
473,3,35.329182
473,4,14.008160
474,0,12.029150
474,1,34.030519
474,2,28.799614
474,3,38.623230
474,4,6.525162
475,0,11.429496
475,1,21.293308
475,2,30.422239
475,3,35.948115
475,4,44.384058
476,0,48.120197
476,1,36.248963
476,2,10.149461
476,3,42.589615
476,4,27.047972
477,0,43.276203
477,1,14.788305
477,2,26.312330
477,3,48.802256
477,4,57.968170
478,0,19.993752
478,1,45.372225
478,2,56.827863
478,3,28.526030
478,4,14.458161
479,0,27.132179
479,1,12.770696
479,2,7.505631
479,3,44.090154
479,4,53.540696
480,0,33.219064
480,1,42.280628
480,2,6.656806
480,3,56.499314
480,4,23.399988
481,0,6.326727
481,1,36.127840
481,2,11.802437
481,3,23.110990
481,4,31.542635
482,0,31.707264
482,1,6.738028
482,2,20.337377
482,3,11.951421
482,4,48.551419
483,0,44.967603
483,1,56.419337
483,2,17.480309
483,3,25.969051
483,4,35.832829
484,0,12.490745
484,1,22.293535
484,2,7.271371
484,3,41.238942
484,4,26.891949
485,0,10.310379
485,1,41.880389
485,2,35.557242
485,3,47.073289
485,4,27.142874
486,0,44.519615
486,1,10.479743
486,2,33.169150
486,3,50.008731
486,4,24.767565
487,0,23.839984
487,1,29.372200
487,2,45.448870
487,3,9.574852
487,4,40.806061
488,0,17.868207
488,1,32.246374
488,2,49.169820
488,3,6.472209
488,4,54.461312
489,0,16.689980
489,1,25.186518
489,2,46.721313
489,3,10.320425
489,4,29.818707
490,0,42.880327
490,1,9.885307
490,2,26.063440
490,3,19.746010
490,4,14.515371
491,0,43.009811
491,1,6.452892
491,2,52.879996
491,3,26.134522
491,4,11.733541
492,0,19.783222
492,1,30.725071
492,2,47.595537
492,3,24.402426
492,4,14.554790
493,0,14.227988
493,1,5.789986
493,2,20.581860
493,3,29.669571
493,4,46.413749
494,0,4.722524
494,1,41.929951
494,2,10.267452
494,3,18.762910
494,4,35.641022
495,0,50.549114
495,1,26.799819
495,2,16.993647
495,3,55.135956
495,4,41.291835
496,0,45.434457
496,1,29.264161
496,2,9.589756
496,3,39.113537
496,4,15.032478
497,0,46.672831
497,1,12.448535
497,2,52.947170
497,3,38.279813
497,4,29.201308
498,0,9.833578
498,1,18.229995
498,2,23.432367
498,3,37.953345
498,4,32.488113
499,0,16.401919
499,1,25.465123
499,2,30.638023
499,3,39.110197
499,4,10.920025
500,0,38.854514
500,1,14.746703
500,2,24.594871
500,3,9.200939
500,4,47.268917
501,0,51.853228
501,1,11.760077
501,2,6.528996
501,3,37.578593
501,4,28.498817
502,0,34.291878
502,1,23.595989
502,2,29.090779
502,3,44.088237
502,4,9.365668
503,0,44.059479
503,1,27.311355
503,2,8.419760
503,3,22.695419
503,4,53.124857
504,0,50.991783
504,1,25.889115
504,2,46.387743
504,3,16.846393
504,4,32.150590
505,0,37.847272
505,1,22.709837
505,2,33.300774
505,3,14.357322
505,4,27.842469
506,0,22.952715
506,1,27.534873
506,2,17.754286
506,3,39.247623
506,4,33.001389
507,0,20.834987
507,1,32.146666
507,2,6.367674
507,3,11.837868
507,4,41.941788
508,0,27.773201
508,1,21.550010
508,2,4.874751
508,3,44.461866
508,4,33.212892
509,0,10.177076
509,1,39.511791
509,2,34.335960
509,3,29.780756
509,4,21.423790
510,0,44.768428
510,1,49.319551
510,2,28.195484
510,3,14.409459
510,4,19.864103
511,0,9.383835
511,1,58.158306
511,2,23.734704
511,3,40.494611
511,4,46.796635
512,0,35.773092
512,1,14.377395
512,2,53.491812
512,3,19.002142
512,4,42.060933
513,0,6.194539
513,1,51.128593
513,2,32.173597
513,3,23.030975
513,4,36.782485
514,0,37.746955
514,1,16.988571
514,2,27.918117
514,3,46.169166
514,4,21.604713
515,0,33.492335
515,1,23.654217
515,2,8.438080
515,3,18.202827
515,4,13.638753
516,0,37.091443
516,1,11.234133
516,2,6.606571
516,3,42.574853
516,4,28.000863
517,0,13.940239
517,1,28.976004
517,2,23.754853
517,3,5.518864
517,4,40.312269
518,0,40.692217
518,1,6.373200
518,2,32.263941
518,3,20.933676
518,4,11.859049
519,0,30.432307
519,1,7.149576
519,2,51.723956
519,3,47.149567
519,4,21.359024
520,0,34.336893
520,1,19.790714
520,2,51.129029
520,3,8.514746
520,4,25.275750
521,0,5.431171
521,1,36.497751
521,2,51.220034
521,3,22.241008
521,4,44.953460
522,0,24.147432
522,1,33.286143
522,2,5.527018
522,3,18.617200
522,4,13.974005
523,0,5.710150
523,1,52.306200
523,2,28.857229
523,3,12.026904
523,4,43.195711
524,0,33.461657
524,1,46.982297
524,2,38.641237
524,3,22.614683
524,4,14.366249
525,0,5.155351
525,1,19.860097
525,2,40.369132
525,3,24.766128
525,4,32.862401
526,0,20.728857
526,1,5.967009
526,2,16.080653
526,3,41.532395
526,4,28.805324
527,0,30.058298
527,1,25.412356
527,2,19.797796
527,3,10.803943
527,4,15.702734
528,0,23.170956
528,1,8.151889
528,2,27.792382
528,3,18.274312
528,4,33.384685
529,0,39.693112
529,1,24.256381
529,2,8.533687
529,3,43.788956
529,4,14.133734
530,0,36.848442
530,1,28.125524
530,2,10.405410
530,3,18.446760
530,4,22.536427
531,0,42.673179
531,1,35.214145
531,2,24.507123
531,3,15.066643
531,4,19.058659
532,0,6.102711
532,1,36.241880
532,2,31.592086
532,3,50.738373
532,4,23.185611
533,0,45.052153
533,1,35.083040
533,2,18.037962
533,3,8.958728
533,4,39.762707
534,0,5.595269
534,1,36.479049
534,2,16.698689
534,3,10.258535
534,4,21.987816
535,0,5.301007
535,1,26.737034
535,2,16.801768
535,3,35.890070
535,4,52.747143
536,0,39.330336
536,1,17.004348
536,2,33.384367
536,3,22.563806
536,4,4.377597
537,0,16.386452
537,1,21.734538
537,2,42.071361
537,3,48.568895
537,4,30.399824
538,0,18.696614
538,1,24.046886
538,2,37.404696
538,3,7.064350
538,4,28.731132
539,0,20.093798
539,1,30.183762
539,2,13.610365
539,3,35.856577
539,4,5.040462
540,0,9.070685
540,1,14.729238
540,2,24.110220
540,3,41.383159
540,4,46.745769
541,0,15.078226
541,1,30.573211
541,2,25.036989
541,3,44.948404
541,4,6.472445
542,0,59.355945
542,1,39.964384
542,2,8.638910
542,3,50.064027
542,4,25.505738
543,0,42.614355
543,1,22.769280
543,2,4.968142
543,3,13.531634
543,4,37.321871
544,0,23.045430
544,1,11.414348
544,2,6.753436
544,3,47.581107
544,4,33.067380
545,0,5.317459
545,1,57.848644
545,2,43.487248
545,3,15.166075
545,4,32.046560
546,0,27.871317
546,1,51.247795
546,2,16.448787
546,3,10.075841
546,4,42.137030
547,0,11.620321
547,1,26.058228
547,2,16.216320
547,3,35.157499
547,4,6.415179
548,0,41.284340
548,1,36.671825
548,2,31.469300
548,3,16.873285
548,4,25.937895
549,0,45.760584
549,1,31.438010
549,2,26.214602
549,3,55.638206
549,4,17.017390
550,0,27.577587
550,1,37.583658
550,2,17.674068
550,3,8.478664
550,4,32.899939
551,0,39.387507
551,1,22.346991
551,2,10.901117
551,3,5.353082
551,4,53.908126
552,0,9.258432
552,1,55.170931
552,2,34.976418
552,3,17.892731
552,4,40.563186
553,0,46.457294
553,1,19.311193
553,2,41.826329
553,3,12.899632
553,4,24.902730
554,0,50.054053
554,1,26.598254
554,2,38.148860
554,3,17.354356
554,4,44.499328
555,0,14.912472
555,1,49.445185
555,2,32.660935
555,3,21.263259
555,4,9.360341
556,0,14.558085
556,1,24.467190
556,2,29.113420
556,3,37.597966
556,4,42.869798
557,0,30.817317
557,1,16.342901
557,2,36.058353
557,3,6.468013
557,4,44.541234
558,0,13.811018
558,1,50.675727
558,2,42.189777
558,3,4.643282
558,4,25.319416
559,0,25.725945
559,1,42.662939
559,2,14.716677
559,3,9.204697
559,4,19.339638
560,0,32.381323
560,1,40.860402
560,2,26.876005
560,3,45.525242
560,4,17.012114
561,0,26.545355
561,1,12.016414
561,2,36.386403
561,3,7.364841
561,4,53.182664
562,0,24.801640
562,1,50.207088
562,2,12.477841
562,3,41.309361
562,4,5.156078
563,0,37.038571
563,1,5.428497
563,2,48.448216
563,3,20.140003
563,4,14.623353
564,0,27.290483
564,1,5.102149
564,2,35.835304
564,3,22.055635
564,4,50.164991
565,0,53.922375
565,1,5.961170
565,2,25.625008
565,3,37.053610
565,4,20.346321
566,0,14.301880
566,1,57.394203
566,2,29.044155
566,3,45.982851
566,4,23.521200
567,0,8.806767
567,1,18.685923
567,2,25.063527
567,3,39.473302
567,4,44.726585
568,0,49.477087
568,1,32.427150
568,2,58.172778
568,3,18.066152
568,4,11.737611
569,0,41.541126
569,1,5.610427
569,2,30.726992
569,3,14.806226
569,4,46.510974
570,0,5.633745
570,1,20.651413
570,2,32.204793
570,3,24.735941
570,4,44.628945
571,0,25.753841
571,1,41.563247
571,2,7.321484
571,3,15.273124
571,4,20.105454
572,0,21.290735
572,1,34.204143
572,2,5.592922
572,3,39.736648
572,4,26.416111
573,0,40.716396
573,1,24.310829
573,2,33.148264
573,3,16.109785
573,4,28.985837
574,0,5.316071
574,1,20.403316
574,2,41.927703
574,3,37.268673
574,4,24.535624
575,0,8.183973
575,1,27.502565
575,2,18.467530
575,3,13.844115
575,4,22.584783
576,0,31.416648
576,1,27.295810
576,2,40.185014
576,3,15.086778
576,4,22.640750
577,0,18.100908
577,1,25.625392
577,2,40.703419
577,3,5.875710
577,4,9.973666
578,0,17.774820
578,1,7.548992
578,2,45.854188
578,3,30.788569
578,4,21.941566
579,0,35.766713
579,1,49.610500
579,2,40.404784
579,3,7.690119
579,4,20.606928
580,0,13.593164
580,1,34.030639
580,2,5.330247
580,3,43.976794
580,4,19.324753
581,0,47.393798
581,1,21.061785
581,2,26.277120
581,3,36.037451
581,4,14.789035
582,0,39.913243
582,1,14.377620
582,2,44.490230
582,3,25.698529
582,4,5.282466
583,0,47.587197
583,1,14.071031
583,2,19.320914
583,3,5.641515
583,4,30.754051
584,0,8.551325
584,1,24.714811
584,2,14.884452
584,3,35.954638
584,4,40.530653
585,0,30.851815
585,1,25.638351
585,2,19.363968
585,3,14.763533
585,4,36.347572
586,0,12.465847
586,1,34.534158
586,2,40.033410
586,3,29.926104
586,4,21.543741
587,0,35.986820
587,1,26.851269
587,2,5.539312
587,3,22.205829
587,4,16.946570
588,0,47.939471
588,1,43.367369
588,2,31.497066
588,3,37.040027
588,4,17.045046
589,0,19.733187
589,1,44.784333
589,2,9.586470
589,3,15.469869
589,4,34.774233
590,0,25.371570
590,1,47.868501
590,2,19.876410
590,3,7.412238
590,4,39.968079
591,0,27.261822
591,1,10.220637
591,2,17.516027
591,3,4.774674
591,4,32.103774
592,0,15.205516
592,1,35.673941
592,2,23.118787
592,3,6.564170
592,4,11.205590
593,0,34.354807
593,1,19.921886
593,2,51.426189
593,3,41.611641
593,4,14.258857
594,0,31.524693
594,1,42.494768
594,2,37.477999
594,3,26.052128
594,4,8.977653
595,0,55.301021
595,1,33.278470
595,2,60.258132
595,3,43.106312
595,4,17.899230
596,0,58.499159
596,1,22.513580
596,2,15.742132
596,3,52.948902
596,4,34.795285
597,0,41.978328
597,1,12.184731
597,2,25.574509
597,3,18.425320
597,4,6.941891
598,0,48.646703
598,1,29.921898
598,2,37.317245
598,3,19.547978
598,4,42.585616
599,0,33.867891
599,1,15.877083
599,2,6.132561
599,3,27.422434
599,4,53.354727
600,0,55.126982
600,1,42.485137
600,2,17.378562
600,3,23.609441
600,4,11.476444
601,0,9.610172
601,1,22.282494
601,2,27.656542
601,3,41.286278
601,4,34.888329
602,0,17.646489
602,1,50.783453
602,2,31.029216
602,3,7.663906
602,4,67.223296
603,0,18.734450
603,1,24.450701
603,2,29.841374
603,3,39.409965
603,4,55.850988
604,0,37.217487
604,1,17.230506
604,2,24.347962
604,3,47.068733
604,4,6.710535
605,0,15.591817
605,1,22.818190
605,2,5.927534
605,3,41.947563
605,4,35.676401
606,0,13.185611
606,1,18.205395
606,2,24.400735
606,3,30.204746
606,4,46.208895
607,0,55.387679
607,1,29.591135
607,2,6.231870
607,3,39.530606
607,4,17.165435
608,0,54.059951
608,1,24.681427
608,2,18.977777
608,3,48.042184
608,4,35.686065
609,0,29.278718
609,1,11.412805
609,2,41.991036
609,3,6.286658
609,4,18.380439
610,0,41.397945
610,1,18.536791
610,2,34.468026
610,3,56.636596
610,4,50.689216
611,0,56.787413
611,1,12.201425
611,2,38.202294
611,3,5.169597
611,4,22.350460
612,0,21.824354
612,1,34.697534
612,2,40.612825
612,3,10.600269
612,4,49.892232
613,0,60.046862
613,1,7.955447
613,2,13.227968
613,3,32.761122
613,4,49.423740
614,0,15.994956
614,1,35.790285
614,2,6.498899
614,3,54.198343
614,4,28.809688
615,0,44.884652
615,1,50.031920
615,2,20.438233
615,3,26.259531
615,4,9.542710
616,0,26.611066
616,1,33.583578
616,2,6.156772
616,3,15.508475
616,4,20.759912
617,0,16.261156
617,1,23.175278
617,2,39.934186
617,3,28.219422
617,4,33.903708
618,0,43.552355
618,1,19.703570
618,2,10.250768
618,3,38.391632
618,4,49.723811
619,0,39.369786
619,1,55.290539
619,2,61.461534
619,3,10.473216
619,4,29.169689
620,0,58.020930
620,1,31.509316
620,2,5.777120
620,3,42.291133
620,4,12.967498
621,0,34.086769
621,1,21.327390
621,2,15.401223
621,3,27.199047
621,4,5.361218
622,0,7.055760
622,1,44.529978
622,2,25.543538
622,3,38.438574
622,4,50.401411
623,0,55.000991
623,1,36.333090
623,2,31.085169
623,3,12.077634
623,4,24.971235
624,0,60.859507
624,1,19.700256
624,2,48.558858
624,3,10.267386
624,4,30.373835
625,0,54.041958
625,1,26.174997
625,2,16.158956
625,3,58.979620
625,4,44.777574
626,0,41.445359
626,1,7.080681
626,2,35.375267
626,3,16.627055
626,4,51.722380
627,0,59.993510
627,1,19.724918
627,2,41.519300
627,3,35.456928
627,4,54.148942
628,0,62.259257
628,1,43.263632
628,2,49.293498
628,3,16.686858
628,4,24.052739
629,0,16.497902
629,1,33.780149
629,2,22.915120
629,3,52.920497
629,4,6.414347
630,0,30.757585
630,1,7.060209
630,2,40.709447
630,3,51.481396
630,4,25.632962
631,0,47.778645
631,1,18.798713
631,2,29.520040
631,3,54.744437
631,4,41.720315
632,0,39.261638
632,1,21.721700
632,2,6.548820
632,3,15.834980
632,4,28.717468
633,0,23.065834
633,1,10.794144
633,2,40.861099
633,3,5.009453
633,4,29.999013
634,0,15.703940
634,1,50.358427
634,2,22.164437
634,3,40.313518
634,4,5.062491
635,0,38.122468
635,1,54.707429
635,2,28.424342
635,3,5.658954
635,4,18.144285
636,0,41.708386
636,1,29.954837
636,2,19.969769
636,3,13.072259
636,4,35.952636
637,0,45.497647
637,1,10.431198
637,2,56.384336
637,3,38.434034
637,4,19.694341
638,0,6.047009
638,1,50.993235
638,2,34.748286
638,3,39.952611
638,4,24.825152
639,0,12.122952
639,1,6.003296
639,2,35.557451
639,3,42.793113
639,4,22.408258
640,0,31.620524
640,1,5.466109
640,2,43.048816
640,3,14.818301
640,4,21.134649
641,0,45.054600
641,1,24.041366
641,2,8.354481
641,3,17.955834
641,4,39.859807
642,0,32.930443
642,1,38.706489
642,2,15.892781
642,3,25.997028
642,4,9.750581
643,0,20.943888
643,1,33.482309
643,2,10.089293
643,3,42.747772
643,4,49.630114
644,0,17.945865
644,1,24.942907
644,2,42.296904
644,3,29.989065
644,4,48.005359
645,0,26.327164
645,1,6.233582
645,2,48.791513
645,3,15.608958
645,4,36.314311
646,0,11.360549
646,1,23.361262
646,2,17.210284
646,3,39.566866
646,4,30.242551
647,0,19.757128
647,1,63.447907
647,2,46.808119
647,3,32.940989
647,4,40.299249
648,0,59.131424
648,1,32.447951
648,2,20.744515
648,3,65.105266
648,4,48.706458
649,0,52.943644
649,1,36.026704
649,2,11.727986
649,3,16.958404
649,4,43.248281
650,0,26.432410
650,1,61.132070
650,2,10.201174
650,3,37.487283
650,4,55.969366
651,0,25.813127
651,1,35.774760
651,2,46.431710
651,3,19.067706
651,4,6.973399
652,0,9.140084
652,1,49.870134
652,2,42.824541
652,3,37.140390
652,4,27.151269
653,0,16.970650
653,1,46.399796
653,2,6.053046
653,3,33.868109
653,4,23.825818
654,0,35.043704
654,1,24.039536
654,2,11.714145
654,3,50.763557
654,4,29.023017
655,0,6.035921
655,1,46.552193
655,2,24.290980
655,3,30.078650
655,4,37.095738
656,0,9.801738
656,1,21.332539
656,2,56.735429
656,3,16.109734
656,4,40.294485
657,0,5.132262
657,1,47.127688
657,2,24.065795
657,3,40.117335
657,4,29.947326
658,0,38.981270
658,1,34.027994
658,2,28.367698
658,3,51.356277
658,4,10.068812
659,0,5.977556
659,1,25.260948
659,2,15.201850
659,3,52.105815
659,4,36.286900
660,0,23.089796
660,1,39.692383
660,2,10.240778
660,3,15.719655
660,4,33.537719
661,0,50.461327
661,1,43.490808
661,2,23.750309
661,3,11.006649
661,4,34.036441
662,0,33.468948
662,1,56.575499
662,2,40.403245
662,3,13.272352
662,4,22.592218
663,0,39.606899
663,1,46.785564
663,2,13.188619
663,3,34.357673
663,4,24.214733
664,0,48.171676
664,1,22.513468
664,2,61.190136
664,3,42.175916
664,4,16.970178
665,0,13.176409
665,1,47.906536
665,2,19.099200
665,3,35.214765
665,4,42.567013
666,0,32.801689
666,1,13.755639
666,2,60.063521
666,3,7.575813
666,4,48.980270
667,0,51.805893
667,1,41.614204
667,2,6.605929
667,3,25.513098
667,4,58.859716
668,0,25.397954
668,1,9.622175
668,2,54.717961
668,3,49.012192
668,4,30.568849
669,0,6.159838
669,1,16.356642
669,2,62.166232
669,3,27.428171
669,4,46.259030
670,0,47.038715
670,1,37.868340
670,2,31.784986
670,3,62.661514
670,4,19.063600
671,0,22.103696
671,1,15.847355
671,2,40.276164
671,3,34.637354
671,4,10.824069
672,0,38.432366
672,1,28.703739
672,2,43.932648
672,3,13.269162
672,4,7.237726
673,0,33.224328
673,1,45.548098
673,2,21.427703
673,3,6.229059
673,4,26.408878
674,0,15.801812
674,1,53.215941
674,2,34.887745
674,3,28.151586
674,4,5.938352
675,0,11.017124
675,1,42.900756
675,2,26.624223
675,3,52.226339
675,4,32.888952
676,0,6.394125
676,1,31.170341
676,2,57.516794
676,3,12.259150
676,4,47.322221
677,0,15.853350
677,1,34.460577
677,2,43.679380
677,3,10.171120
677,4,56.419277
678,0,5.938940
678,1,24.965703
678,2,35.686046
678,3,45.687529
678,4,58.595383
679,0,52.480758
679,1,11.636285
679,2,37.309816
679,3,42.540081
679,4,18.748653
680,0,29.365890
680,1,46.515347
680,2,53.497236
680,3,13.176633
680,4,40.457279
681,0,31.438409
681,1,10.317507
681,2,40.964124
681,3,46.928507
681,4,15.498781
682,0,40.542046
682,1,56.585939
682,2,21.904707
682,3,11.467105
682,4,50.332349
683,0,63.356774
683,1,10.232272
683,2,52.445069
683,3,23.329071
683,4,33.571983
684,0,47.541622
684,1,31.187277
684,2,25.070933
684,3,60.867513
684,4,19.270504
685,0,35.639838
685,1,23.587407
685,2,46.672804
685,3,10.605922
685,4,29.783715
686,0,5.600275
686,1,50.134531
686,2,18.418240
686,3,40.449317
686,4,34.700627
687,0,28.514323
687,1,34.483721
687,2,44.822413
687,3,21.132110
687,4,9.677702
688,0,44.272762
688,1,9.225611
688,2,56.978770
688,3,62.798077
688,4,25.230742
689,0,18.172295
689,1,47.106880
689,2,31.179514
689,3,37.510972
689,4,7.327907
690,0,11.035275
690,1,43.283593
690,2,49.162739
690,3,58.606434
690,4,30.153785
691,0,42.628453
691,1,23.825673
691,2,36.435260
691,3,16.764304
691,4,61.828504
692,0,23.561970
692,1,6.047723
692,2,18.597148
692,3,38.861052
692,4,32.777748
693,0,44.430773
693,1,38.125280
693,2,28.683950
693,3,10.248070
693,4,57.121331
694,0,47.210681
694,1,15.727945
694,2,31.690160
694,3,6.175456
694,4,36.786443
695,0,7.573488
695,1,44.754215
695,2,33.437773
695,3,23.733813
695,4,39.396102
696,0,34.425841
696,1,50.150116
696,2,10.881679
696,3,29.403791
696,4,56.166235
697,0,27.956471
697,1,60.806888
697,2,18.900204
697,3,50.700995
697,4,43.716775
698,0,15.550939
698,1,57.573391
698,2,34.383319
698,3,5.235464
698,4,41.392655
699,0,12.371714
699,1,23.224654
699,2,32.572647
699,3,38.585404
699,4,7.178473
700,0,52.966170
700,1,23.620239
700,2,16.560466
700,3,36.337721
700,4,10.491802
701,0,45.263911
701,1,32.393104
701,2,7.328496
701,3,12.746273
701,4,51.260768
702,0,37.196054
702,1,30.882017
702,2,10.482831
702,3,49.760193
702,4,16.304453
703,0,34.578682
703,1,39.636939
703,2,28.503667
703,3,10.256362
703,4,45.231526
704,0,17.759086
704,1,27.328101
704,2,5.108022
704,3,55.700114
704,4,45.848100
705,0,6.105176
705,1,25.046727
705,2,45.225118
705,3,30.034376
705,4,15.177413
706,0,51.912188
706,1,27.643914
706,2,5.194865
706,3,33.617759
706,4,12.020466
707,0,41.585203
707,1,26.481827
707,2,5.099375
707,3,20.781075
707,4,32.456583
708,0,35.441375
708,1,22.760591
708,2,9.924934
708,3,40.515220
708,4,15.750169
709,0,58.517897
709,1,6.536936
709,2,42.649792
709,3,16.780406
709,4,35.563181
710,0,41.372560
710,1,13.332823
710,2,7.481847
710,3,31.946090
710,4,46.551845
711,0,29.994572
711,1,52.852178
711,2,45.765608
711,3,17.032624
711,4,11.758065
712,0,40.853187
712,1,19.039800
712,2,53.604064
712,3,35.592239
712,4,29.819352
713,0,45.588729
713,1,10.764544
713,2,39.168329
713,3,52.776976
713,4,29.627900
714,0,40.403782
714,1,6.780318
714,2,12.820845
714,3,35.101814
714,4,25.498546
715,0,24.480861
715,1,13.511039
715,2,6.337003
715,3,47.136145
715,4,34.583392
716,0,25.719080
716,1,10.030845
716,2,14.977111
716,3,51.026098
716,4,41.534484
717,0,20.605686
717,1,10.884573
717,2,33.353254
717,3,57.740730
717,4,39.140134
718,0,49.441753
718,1,37.802433
718,2,6.046575
718,3,24.823268
718,4,44.167171
719,0,7.938078
719,1,35.531374
719,2,24.211883
719,3,17.827714
719,4,45.629009
720,0,6.091345
720,1,12.308818
720,2,40.562298
720,3,29.833815
720,4,17.444584
721,0,28.703215
721,1,9.462161
721,2,57.601062
721,3,39.081741
721,4,45.013267
722,0,45.263168
722,1,59.682733
722,2,19.392954
722,3,34.967562
722,4,54.597247
723,0,25.250860
723,1,19.512913
723,2,47.196404
723,3,41.067804
723,4,30.404144
724,0,48.975679
724,1,38.611468
724,2,24.028910
724,3,29.016948
724,4,8.018053
725,0,43.085071
725,1,12.037570
725,2,27.301883
725,3,21.288780
725,4,37.421253
726,0,6.259930
726,1,25.266894
726,2,55.128515
726,3,31.633052
726,4,44.596033
727,0,38.736867
727,1,23.379602
727,2,49.154070
727,3,32.907838
727,4,17.086037
728,0,17.657776
728,1,12.484160
728,2,45.975851
728,3,36.494323
728,4,6.686041
729,0,24.688148
729,1,35.078673
729,2,53.777498
729,3,63.028772
729,4,11.551098
730,0,20.439362
730,1,42.195898
730,2,26.490197
730,3,52.239224
730,4,13.658303
731,0,6.439667
731,1,24.772932
731,2,50.217010
731,3,55.918525
731,4,34.686577
732,0,12.867996
732,1,45.202742
732,2,36.060176
732,3,25.123868
732,4,7.233987
733,0,27.240480
733,1,10.462928
733,2,42.762328
733,3,22.215765
733,4,16.476227
734,0,28.042050
734,1,40.803867
734,2,11.882027
734,3,50.849690
734,4,6.720069
735,0,10.386902
735,1,50.749494
735,2,23.770824
735,3,16.605682
735,4,39.807045
736,0,28.428477
736,1,48.808829
736,2,21.622884
736,3,5.661190
736,4,38.218457
737,0,42.554660
737,1,55.324133
737,2,23.973078
737,3,16.902345
737,4,5.932292
738,0,25.160913
738,1,36.263921
738,2,6.307712
738,3,62.234861
738,4,52.618526
739,0,15.940136
739,1,21.165556
739,2,38.470615
739,3,28.296340
739,4,6.442291
740,0,6.491067
740,1,30.482542
740,2,17.648361
740,3,35.629626
740,4,42.714048
741,0,53.630042
741,1,22.110916
741,2,40.817187
741,3,12.780161
741,4,7.076520
742,0,34.554133
742,1,28.394440
742,2,23.298597
742,3,10.484489
742,4,40.520873
743,0,46.749999
743,1,40.942225
743,2,16.186207
743,3,22.357641
743,4,55.995738
744,0,19.953861
744,1,10.818369
744,2,46.131611
744,3,35.932507
744,4,53.257256
745,0,13.809591
745,1,33.241909
745,2,44.179838
745,3,6.791156
745,4,23.913384
746,0,47.376933
746,1,23.358399
746,2,10.326358
746,3,17.281944
746,4,34.405828
747,0,6.209344
747,1,34.270414
747,2,41.230030
747,3,47.244881
747,4,15.600197
748,0,52.395389
748,1,32.676225
748,2,7.759362
748,3,13.965748
748,4,42.174685
749,0,34.803333
749,1,6.422976
749,2,23.896378
749,3,11.444335
749,4,41.696212
750,0,39.993024
750,1,24.278934
750,2,19.092161
750,3,50.750845
750,4,6.616614
751,0,44.253616
751,1,28.543271
751,2,54.574240
751,3,18.653172
751,4,63.666751
752,0,50.328224
752,1,18.759007
752,2,43.361672
752,3,38.259251
752,4,28.809229
753,0,28.064592
753,1,40.876570
753,2,46.688265
753,3,10.063871
753,4,21.089112
754,0,38.636712
754,1,51.204182
754,2,6.235639
754,3,22.751386
754,4,15.720333
755,0,47.010983
755,1,24.665092
755,2,30.586769
755,3,36.786434
755,4,19.458938
756,0,29.157324
756,1,47.838703
756,2,13.183289
756,3,53.910696
756,4,59.064752
757,0,11.146734
757,1,55.781833
757,2,34.951618
757,3,40.768580
757,4,29.371428
758,0,67.416822
758,1,18.898167
758,2,54.819633
758,3,38.998754
758,4,28.225168
759,0,6.135385
759,1,15.214588
759,2,35.060245
759,3,30.232445
759,4,40.513425
760,0,33.286348
760,1,16.842785
760,2,5.207475
760,3,25.379608
760,4,39.220054
761,0,48.168400
761,1,34.331360
761,2,28.444528
761,3,8.238200
761,4,20.082072
762,0,31.429802
762,1,20.878929
762,2,11.034251
762,3,43.639142
762,4,26.561008
763,0,34.859165
763,1,28.286120
763,2,14.080030
763,3,9.640987
763,4,22.747507
764,0,47.151353
764,1,35.437096
764,2,40.679580
764,3,17.136761
764,4,31.103780
765,0,27.358370
765,1,32.882677
765,2,5.259767
765,3,39.220366
765,4,22.107156
766,0,9.307237
766,1,44.631671
766,2,21.241164
766,3,50.521393
766,4,26.352666
767,0,12.367991
767,1,30.809886
767,2,41.591352
767,3,53.961384
767,4,6.471850
768,0,23.622398
768,1,5.221549
768,2,40.639500
768,3,53.392097
768,4,30.522762
769,0,6.314796
769,1,12.069359
769,2,48.795321
769,3,27.544811
769,4,39.623586
770,0,12.664377
770,1,43.655119
770,2,19.231707
770,3,38.942224
770,4,29.910794
771,0,18.043951
771,1,41.227348
771,2,32.394862
771,3,5.697091
771,4,22.882534
772,0,21.138889
772,1,33.560560
772,2,10.111104
772,3,16.218460
772,4,40.573399
773,0,30.293505
773,1,45.289800
773,2,41.011534
773,3,10.486032
773,4,16.155882
774,0,6.782611
774,1,63.327052
774,2,35.011273
774,3,44.272445
774,4,22.375802
775,0,40.325051
775,1,10.432232
775,2,21.557259
775,3,52.934579
775,4,15.536778
776,0,38.585626
776,1,9.363983
776,2,54.470526
776,3,33.574669
776,4,15.139021
777,0,60.893168
777,1,41.154003
777,2,51.592587
777,3,19.198226
777,4,24.975597
778,0,59.444721
778,1,34.228711
778,2,15.562768
778,3,50.129735
778,4,10.358940
779,0,49.659207
779,1,31.469293
779,2,7.196453
779,3,26.337680
779,4,17.134128
780,0,28.852016
780,1,17.956985
780,2,7.005502
780,3,12.849286
780,4,34.761945
781,0,6.989670
781,1,40.561789
781,2,59.621273
781,3,30.231665
781,4,17.684260
782,0,58.350642
782,1,19.670384
782,2,29.119369
782,3,52.098536
782,4,44.971671
783,0,53.900665
783,1,48.720787
783,2,37.385797
783,3,30.138428
783,4,13.605402
784,0,45.472955
784,1,40.208077
784,2,11.524091
784,3,27.243629
784,4,21.313181
785,0,37.656265
785,1,52.758582
785,2,6.431077
785,3,42.671768
785,4,19.163664
786,0,31.514466
786,1,20.312357
786,2,11.160226
786,3,26.353791
786,4,47.253067
787,0,21.934677
787,1,37.600441
787,2,12.709444
787,3,62.266147
787,4,56.184264
788,0,45.760085
788,1,16.035956
788,2,27.171260
788,3,10.255902
788,4,21.110682
789,0,40.365633
789,1,29.167353
789,2,35.245887
789,3,6.172280
789,4,19.151453
790,0,16.055058
790,1,63.818636
790,2,6.668803
790,3,31.995362
790,4,44.552962
791,0,52.765769
791,1,46.464302
791,2,11.690602
791,3,21.400325
791,4,27.241884
792,0,52.532561
792,1,26.419009
792,2,16.680704
792,3,45.241778
792,4,32.313583
793,0,36.146506
793,1,16.986541
793,2,41.896474
793,3,58.036119
793,4,7.557898
794,0,19.185185
794,1,41.135196
794,2,26.167561
794,3,31.985185
794,4,6.248273
795,0,34.979518
795,1,6.210936
795,2,16.330419
795,3,29.088854
795,4,40.102031
796,0,29.360433
796,1,11.599971
796,2,22.484483
796,3,38.506488
796,4,6.278666
797,0,37.457695
797,1,31.584697
797,2,15.156675
797,3,5.979002
797,4,20.844855
798,0,36.232931
798,1,43.172507
798,2,20.184126
798,3,26.048669
798,4,9.491283
799,0,35.308366
799,1,22.738745
799,2,53.735125
799,3,7.034898
799,4,16.935853
800,0,17.248469
800,1,24.151458
800,2,42.192139
800,3,54.673246
800,4,6.576623
801,0,16.834739
801,1,6.841502
801,2,43.626057
801,3,34.415102
801,4,21.919399
802,0,46.635021
802,1,9.316903
802,2,57.636500
802,3,27.955119
802,4,15.396465
803,0,12.784872
803,1,42.372309
803,2,48.486810
803,3,5.792839
803,4,23.726214
804,0,67.499146
804,1,51.877225
804,2,13.861989
804,3,23.898274
804,4,42.548166
805,0,9.367650
805,1,56.436477
805,2,38.108469
805,3,27.597166
805,4,44.094892
806,0,43.089251
806,1,49.107387
806,2,9.971347
806,3,15.003450
806,4,30.605043
807,0,22.029437
807,1,37.987991
807,2,31.943491
807,3,16.877548
807,4,5.786924
808,0,9.842600
808,1,16.835151
808,2,32.798578
808,3,49.942419
808,4,39.001426
809,0,16.694088
809,1,10.549094
809,2,21.865454
809,3,28.819999
809,4,47.735291
810,0,18.968217
810,1,41.888229
810,2,13.831170
810,3,25.158756
810,4,32.305698
811,0,18.099916
811,1,29.152738
811,2,48.453857
811,3,7.750254
811,4,57.915777
812,0,44.504511
812,1,50.215996
812,2,25.519485
812,3,20.211780
812,4,10.756753
813,0,49.157126
813,1,30.533198
813,2,36.785349
813,3,42.010158
813,4,19.522343
814,0,48.556418
814,1,30.109701
814,2,36.315910
814,3,43.413551
814,4,11.352195
815,0,57.576053
815,1,18.947929
815,2,31.637639
815,3,41.737186
815,4,68.226305
816,0,62.029328
816,1,52.161060
816,2,21.633380
816,3,34.015259
816,4,5.924913
817,0,6.022716
817,1,12.693510
817,2,34.094415
817,3,24.911806
817,4,39.833804
818,0,50.265091
818,1,35.682015
818,2,23.483507
818,3,41.249114
818,4,18.518672
819,0,33.388984
819,1,43.508946
819,2,16.068923
819,3,26.525116
819,4,61.951787
820,0,5.657088
820,1,18.567810
820,2,43.652803
820,3,24.571288
820,4,34.447371
821,0,41.559137
821,1,35.660043
821,2,25.385526
821,3,54.398371
821,4,19.125898
822,0,45.208462
822,1,6.231881
822,2,35.828097
822,3,30.649145
822,4,24.912010
823,0,6.318447
823,1,13.273507
823,2,31.085035
823,3,18.449700
823,4,36.980107
824,0,46.779811
824,1,28.041739
824,2,6.533445
824,3,15.873782
824,4,20.911030
825,0,11.483987
825,1,39.155825
825,2,27.935961
825,3,45.367366
825,4,33.887546
826,0,34.471821
826,1,28.397783
826,2,23.206034
826,3,41.493032
826,4,12.905866
827,0,17.178423
827,1,39.189185
827,2,10.113379
827,3,26.895565
827,4,33.211842
828,0,43.731314
828,1,5.689566
828,2,11.829507
828,3,21.342638
828,4,27.630412
829,0,16.614886
829,1,49.828944
829,2,25.846283
829,3,10.482984
829,4,36.888891
830,0,31.968086
830,1,50.687807
830,2,21.922081
830,3,44.556954
830,4,16.126400
831,0,19.922508
831,1,53.931820
831,2,12.628807
831,3,42.583652
831,4,26.169393
832,0,20.866727
832,1,27.245327
832,2,11.314711
832,3,49.946457
832,4,33.342172
833,0,53.309128
833,1,5.997172
833,2,46.800913
833,3,17.067598
833,4,36.237745
834,0,29.459671
834,1,23.150357
834,2,18.083807
834,3,42.035935
834,4,7.869576
835,0,6.794365
835,1,37.768311
835,2,22.113834
835,3,27.300928
835,4,12.495889
836,0,57.457145
836,1,47.979926
836,2,37.111214
836,3,30.042878
836,4,17.242900
837,0,5.181959
837,1,12.213171
837,2,21.578398
837,3,37.903441
837,4,49.048797
838,0,18.080890
838,1,34.079032
838,2,11.178282
838,3,28.314003
838,4,50.621235
839,0,39.958226
839,1,11.416058
839,2,26.752626
839,3,16.887686
839,4,59.042070
840,0,47.271085
840,1,34.457642
840,2,18.389127
840,3,52.477132
840,4,58.308604
841,0,39.565519
841,1,59.543501
841,2,12.627535
841,3,28.533846
841,4,49.084498
842,0,13.239014
842,1,44.165784
842,2,37.173318
842,3,55.254514
842,4,31.913754
843,0,9.855719
843,1,52.190753
843,2,33.707360
843,3,46.137566
843,4,27.520121
844,0,49.427867
844,1,36.035496
844,2,55.798390
844,3,19.514427
844,4,66.823053
845,0,25.629456
845,1,32.619568
845,2,9.383442
845,3,51.088765
845,4,19.597453
846,0,16.504082
846,1,32.623055
846,2,21.508005
846,3,48.578326
846,4,6.908875
847,0,9.629036
847,1,25.144496
847,2,46.197487
847,3,40.549517
847,4,20.180701
848,0,19.389978
848,1,28.502797
848,2,12.618578
848,3,48.855266
848,4,39.079152
849,0,23.013520
849,1,10.854981
849,2,43.243126
849,3,49.943861
849,4,38.345073
850,0,16.883141
850,1,43.985447
850,2,10.090033
850,3,22.772819
850,4,28.422024
851,0,14.340672
851,1,5.293778
851,2,26.731703
851,3,32.658803
851,4,21.153488
852,0,57.848778
852,1,12.925650
852,2,42.523617
852,3,19.656801
852,4,37.580990
853,0,38.677712
853,1,21.210817
853,2,16.284926
853,3,31.811265
853,4,6.562987
854,0,36.371557
854,1,51.847977
854,2,20.466082
854,3,27.367864
854,4,9.925692
855,0,40.354524
855,1,56.790074
855,2,29.270495
855,3,19.064324
855,4,12.944041
856,0,13.050953
856,1,43.089823
856,2,32.073345
856,3,58.614451
856,4,48.367317
857,0,52.156522
857,1,11.372293
857,2,42.513397
857,3,16.783726
857,4,23.825437
858,0,7.878358
858,1,36.893936
858,2,42.227913
858,3,20.584980
858,4,48.272973
859,0,49.437630
859,1,16.440780
859,2,34.986398
859,3,22.408736
859,4,40.027826
860,0,19.655431
860,1,54.598429
860,2,44.227949
860,3,12.706688
860,4,38.238291
861,0,33.326442
861,1,17.041643
861,2,11.166259
861,3,40.283751
861,4,45.417990
862,0,35.106347
862,1,6.168413
862,2,15.607035
862,3,28.065531
862,4,45.140359
863,0,5.716824
863,1,55.024832
863,2,33.703486
863,3,45.891802
863,4,15.533310
864,0,28.874103
864,1,53.013958
864,2,21.908299
864,3,34.097982
864,4,15.776431
865,0,37.964487
865,1,11.986370
865,2,6.036115
865,3,44.308966
865,4,28.254782
866,0,51.357120
866,1,28.529519
866,2,44.454415
866,3,15.899153
866,4,9.721116
867,0,16.704878
867,1,28.065634
867,2,38.397797
867,3,21.922587
867,4,5.874864
868,0,29.272062
868,1,40.278162
868,2,59.193265
868,3,34.500119
868,4,13.037189
869,0,32.877599
869,1,26.587823
869,2,19.642915
869,3,9.462189
869,4,51.686665
870,0,32.376066
870,1,59.199414
870,2,19.259793
870,3,65.319871
870,4,48.414364
871,0,34.551300
871,1,43.854399
871,2,18.644195
871,3,11.701063
871,4,5.406273
872,0,41.217763
872,1,22.988869
872,2,13.643524
872,3,7.611174
872,4,53.593233
873,0,17.428693
873,1,46.544027
873,2,4.937500
873,3,56.009423
873,4,35.892882
874,0,67.104447
874,1,18.526076
874,2,29.371444
874,3,38.796641
874,4,51.262540
875,0,10.157189
875,1,42.973776
875,2,33.416806
875,3,22.691112
875,4,48.035107
876,0,46.542280
876,1,27.871756
876,2,22.790588
876,3,15.777358
876,4,57.541604
877,0,33.498968
877,1,23.395354
877,2,44.492954
877,3,14.016284
877,4,63.119092
878,0,55.009734
878,1,7.732750
878,2,23.913671
878,3,13.880973
878,4,42.367297
879,0,52.756132
879,1,28.888068
879,2,13.197480
879,3,6.131660
879,4,47.616729
880,0,42.512111
880,1,6.493505
880,2,16.761944
880,3,35.392101
880,4,53.721903
881,0,18.230233
881,1,11.116932
881,2,51.260072
881,3,33.963520
881,4,38.796441
882,0,37.760198
882,1,18.704215
882,2,5.982169
882,3,47.925406
882,4,57.288468
883,0,9.822583
883,1,15.943516
883,2,34.269538
883,3,44.625858
883,4,29.259128
884,0,4.967064
884,1,34.566597
884,2,13.208446
884,3,27.020422
884,4,22.090669
885,0,29.382727
885,1,7.753198
885,2,24.512613
885,3,16.433105
885,4,42.004046
886,0,33.801820
886,1,10.166524
886,2,29.221023
886,3,15.022956
886,4,23.678272
887,0,32.843427
887,1,24.895802
887,2,37.635509
887,3,7.827026
887,4,12.378422
888,0,7.755416
888,1,38.315567
888,2,17.306319
888,3,11.773072
888,4,25.876632
889,0,13.003958
889,1,5.667399
889,2,31.240032
889,3,35.193279
889,4,21.468355
890,0,36.611058
890,1,4.127890
890,2,23.487769
890,3,28.861555
890,4,11.335252
891,0,9.677268
891,1,26.632975
891,2,21.281936
891,3,14.109567
891,4,30.535646
892,0,27.117402
892,1,22.683511
892,2,38.731802
892,3,34.828182
892,4,14.362153
893,0,20.274977
893,1,24.915082
893,2,30.241140
893,3,12.608498
893,4,8.723872
894,0,14.347558
894,1,31.659786
894,2,22.032064
894,3,4.589640
894,4,9.928225
895,0,30.696341
895,1,21.071442
895,2,17.182158
895,3,8.108165
895,4,12.530859
896,0,40.634296
896,1,16.841802
896,2,4.733431
896,3,47.758637
896,4,31.023457
897,0,36.849012
897,1,32.192640
897,2,7.933203
897,3,23.885802
897,4,11.822563
898,0,8.061889
898,1,41.044545
898,2,27.540595
898,3,13.374345
898,4,31.433309
899,0,30.547710
899,1,13.174536
899,2,25.890883
899,3,17.577305
899,4,7.850383
900,0,7.711851
900,1,33.980496
900,2,19.912994
900,3,24.354128
900,4,16.019578
901,0,13.958645
901,1,9.312274
901,2,26.643719
901,3,5.415715
901,4,18.357314
902,0,16.779491
902,1,25.069610
902,2,39.250391
902,3,4.331968
902,4,11.462812
903,0,44.705577
903,1,24.316002
903,2,19.004093
903,3,32.598728
903,4,14.586701
904,0,26.560217
904,1,33.711585
904,2,14.445101
904,3,9.784472
904,4,18.865785
905,0,31.821358
905,1,15.087334
905,2,19.734648
905,3,24.143999
905,4,9.772584
906,0,36.815456
906,1,41.211618
906,2,8.395260
906,3,22.583591
906,4,27.230465
907,0,17.061062
907,1,38.967577
907,2,24.774456
907,3,8.738906
907,4,13.161842
908,0,16.886791
908,1,4.221412
908,2,31.072988
908,3,8.618548
908,4,35.716618
909,0,17.208938
909,1,42.929351
909,2,7.604539
909,3,30.813841
909,4,22.520941
910,0,30.801124
910,1,14.300008
910,2,43.166422
910,3,35.457929
910,4,18.712831
911,0,27.140418
911,1,12.940372
911,2,36.777519
911,3,45.329024
911,4,41.434833
912,0,15.114385
912,1,29.886565
912,2,22.773064
912,3,38.179438
912,4,5.465808
913,0,12.137301
913,1,45.341672
913,2,21.587650
913,3,17.540639
913,4,31.193993
914,0,9.757768
914,1,4.428913
914,2,13.652872
914,3,23.287181
914,4,37.479117
915,0,34.713981
915,1,8.363009
915,2,20.441247
915,3,30.053119
915,4,38.603075
916,0,20.138183
916,1,12.443652
916,2,35.811476
916,3,27.265965
916,4,31.157278
917,0,34.919171
917,1,5.311396
917,2,9.202050
917,3,21.296853
917,4,26.621525
918,0,26.611784
918,1,31.265925
918,2,19.488171
918,3,15.082996
918,4,5.472894
919,0,39.854003
919,1,35.434726
919,2,7.939031
919,3,16.250807
919,4,23.367761
920,0,7.673345
920,1,38.722778
920,2,13.000865
920,3,34.834506
920,4,20.665579
921,0,3.925028
921,1,32.237361
921,2,11.065178
921,3,15.728993
921,4,20.149410
922,0,34.308825
922,1,14.919144
922,2,29.886685
922,3,7.789238
922,4,20.255097
923,0,16.378917
923,1,9.254042
923,2,25.593326
923,3,21.703285
923,4,4.842634
924,0,43.524874
924,1,51.816277
924,2,7.672220
924,3,17.296858
924,4,31.452763
925,0,7.816522
925,1,16.167038
925,2,28.287913
925,3,52.156910
925,4,42.503306
926,0,7.377370
926,1,24.774888
926,2,32.474912
926,3,46.659189
926,4,19.453023
927,0,17.859743
927,1,29.438859
927,2,12.529168
927,3,43.614086
927,4,25.542609
928,0,42.266416
928,1,47.594424
928,2,7.631098
928,3,19.732464
928,4,33.950594
929,0,30.547568
929,1,18.432999
929,2,34.460810
929,3,8.686943
929,4,13.100281
930,0,12.407550
930,1,20.109859
930,2,41.564817
930,3,34.297896
930,4,8.508621
931,0,19.231477
931,1,5.074129
931,2,26.907306
931,3,44.324100
931,4,32.236222
932,0,47.377355
932,1,7.509720
932,2,37.746230
932,3,15.205128
932,4,29.400322
933,0,13.242138
933,1,4.943656
933,2,21.544439
933,3,35.752630
933,4,17.140185
934,0,38.837754
934,1,5.525058
934,2,17.603064
934,3,34.943242
934,4,25.304185
935,0,28.343206
935,1,35.486332
935,2,39.890802
935,3,5.846328
935,4,20.045023
936,0,8.462158
936,1,31.030584
936,2,38.176714
936,3,16.780878
936,4,4.039827
937,0,22.685538
937,1,28.012161
937,2,4.728221
937,3,35.154251
937,4,13.062781
938,0,18.721538
938,1,33.548331
938,2,38.870736
938,3,25.860571
938,4,4.555678
939,0,34.688756
939,1,5.053100
939,2,40.012110
939,3,13.337458
939,4,27.554231
940,0,3.911114
940,1,22.248667
940,2,16.911918
940,3,31.874456
940,4,8.568776
941,0,12.539133
941,1,36.704499
941,2,43.810607
941,3,17.185483
941,4,31.377582
942,0,24.788599
942,1,33.094435
942,2,47.242554
942,3,17.092105
942,4,4.999851
943,0,26.234553
943,1,21.581726
943,2,4.148198
943,3,9.479321
943,4,35.858798
944,0,32.456204
944,1,13.646840
944,2,4.017319
944,3,18.300212
944,4,37.779598
945,0,36.261054
945,1,19.404497
945,2,26.530365
945,3,31.851619
945,4,14.745531
946,0,22.749540
946,1,18.329092
946,2,8.703158
946,3,29.881624
946,4,34.532586
947,0,48.246215
947,1,4.667151
947,2,21.964255
947,3,12.341209
947,4,36.135437
948,0,36.439607
948,1,24.134702
948,2,18.816813
948,3,31.797872
948,4,14.404273
949,0,40.148312
949,1,31.845144
949,2,7.836477
949,3,52.277747
949,4,17.460280
950,0,16.481660
950,1,35.665929
950,2,28.546583
950,3,8.786054
950,4,4.887680
951,0,24.703828
951,1,16.399302
951,2,46.007931
951,3,12.512299
951,4,38.886053
952,0,30.463099
952,1,4.739732
952,2,14.497307
952,3,9.160808
952,4,22.172304
953,0,28.559337
953,1,9.063654
953,2,45.252967
953,3,33.207705
953,4,14.396545
954,0,31.771394
954,1,12.254532
954,2,45.271311
954,3,26.450745
954,4,35.659549
955,0,12.426952
955,1,17.771145
955,2,4.107793
955,3,25.478471
955,4,30.139507
956,0,9.981697
956,1,4.659868
956,2,25.419779
956,3,39.607747
956,4,18.278138
957,0,12.327962
957,1,24.686903
957,2,42.769527
957,3,16.985126
957,4,28.587626
958,0,35.825601
958,1,40.487024
958,2,28.107061
958,3,8.778502
958,4,15.934418
959,0,32.378412
959,1,5.385830
959,2,13.065977
959,3,21.358354
959,4,28.483680
960,0,33.031865
960,1,25.929348
960,2,21.287329
960,3,17.408978
960,4,9.735415
961,0,35.802550
961,1,14.113453
961,2,10.214086
961,3,5.553965
961,4,26.192370
962,0,8.425293
962,1,21.468340
962,2,16.130139
962,3,33.556269
962,4,43.160488
963,0,20.709920
963,1,34.226694
963,2,48.390740
963,3,13.009820
963,4,24.606783
964,0,26.590747
964,1,12.439242
964,2,39.576097
964,3,4.122188
964,4,31.891553
965,0,16.263641
965,1,7.950978
965,2,34.340204
965,3,30.447149
965,4,42.032336
966,0,8.801665
966,1,29.416391
966,2,25.532167
966,3,37.711806
966,4,15.918148
967,0,27.412513
967,1,31.816139
967,2,19.742848
967,3,7.672425
967,4,45.969409
968,0,18.323501
968,1,5.377746
968,2,39.593294
968,3,32.472985
968,4,10.031320
969,0,4.339741
969,1,16.429443
969,2,21.734802
969,3,38.467253
969,4,28.850397
970,0,47.766078
970,1,38.144766
970,2,4.708258
970,3,23.959011
970,4,16.824938
971,0,22.003317
971,1,29.159790
971,2,33.590371
971,3,41.295165
971,4,9.918062
972,0,5.327714
972,1,21.309823
972,2,25.971274
972,3,9.219393
972,4,40.152772
973,0,30.529204
973,1,18.435078
973,2,8.450261
973,3,44.700892
973,4,13.095939
974,0,34.278717
974,1,14.388762
974,2,30.385675
974,3,22.076087
974,4,9.733793
975,0,23.314670
975,1,7.315855
975,2,40.704891
975,3,15.009557
975,4,35.395036
976,0,5.651547
976,1,19.937314
976,2,23.820877
976,3,15.294430
976,4,31.496388
977,0,27.083161
977,1,5.786499
977,2,31.489088
977,3,19.974321
977,4,39.776925
978,0,37.025437
978,1,32.381389
978,2,12.645418
978,3,5.518249
978,4,20.322277
979,0,5.445832
979,1,43.482936
979,2,19.629718
979,3,38.837516
979,4,26.765616
980,0,5.991641
980,1,39.444421
980,2,29.830107
980,3,25.184752
980,4,13.121316
981,0,11.311938
981,1,27.282593
981,2,39.364784
981,3,18.991773
981,4,4.190302
982,0,16.101974
982,1,7.789787
982,2,32.417761
982,3,23.222586
982,4,28.534547
983,0,42.603223
983,1,34.319564
983,2,30.442399
983,3,23.319768
983,4,15.591765
984,0,26.183507
984,1,35.423181
984,2,30.084937
984,3,7.293635
984,4,21.521700
985,0,19.287205
985,1,12.122983
985,2,42.896498
985,3,23.172854
985,4,28.612737
986,0,21.424800
986,1,7.225172
986,2,43.386871
986,3,31.051284
986,4,35.701646
987,0,19.936876
987,1,41.296513
987,2,34.137148
987,3,15.282379
987,4,5.670921
988,0,9.111836
988,1,16.239322
988,2,25.994673
988,3,21.566923
988,4,30.653538
989,0,31.340315
989,1,43.410460
989,2,26.016352
989,3,7.909269
989,4,11.806852
990,0,14.103601
990,1,23.708173
990,2,6.412758
990,3,32.749424
990,4,28.108661
991,0,4.828982
991,1,26.930423
991,2,19.795181
991,3,10.159733
991,4,41.117186
992,0,20.571745
992,1,32.892216
992,2,28.254182
992,3,36.783521
992,4,15.245790
993,0,23.246898
993,1,28.582272
993,2,32.995234
993,3,18.586525
993,4,4.392610
994,0,28.817880
994,1,13.382460
994,2,8.063318
994,3,21.679397
994,4,38.443193
995,0,25.335881
995,1,4.622478
995,2,12.910097
995,3,29.974077
995,4,18.220768
996,0,8.715748
996,1,38.786750
996,2,26.726327
996,3,14.043731
996,4,18.443831
997,0,14.378347
997,1,21.494882
997,2,35.724683
997,3,26.130174
997,4,44.020218
998,0,5.176411
998,1,26.306513
998,2,16.719453
998,3,31.619229
998,4,12.310190
999,0,5.364750
999,1,13.923999
999,2,29.355137
999,3,9.262165
999,4,21.059133
